FECHA (YYMMDD);HORA (HHMM);Registros validados;Registros preliminares;Registros no validados;
160201;0000;;;3,97704;
160202;0000;;;3,36533;
160203;0000;;;3,90416;
160204;0000;;;2,88184;
160205;0000;;;2,36893;
160206;0000;;;5,98305;
160207;0000;;;6,80539;
160208;0000;;;4,12204;
160209;0000;;;8,75056;
160210;0000;;;5,74811;
160211;0000;;;9,10616;
160212;0000;;;5,29595;
160213;0000;;;11,5967;
160214;0000;;;10,6787;
160215;0000;;;10,3761;
160216;0000;;;6,54273;
160217;0000;;;11,9187;
160218;0000;;;13,7782;
160219;0000;;;11,6647;
160220;0000;;;10,5923;
160221;0000;;;8,65915;
160222;0000;;;6,59981;
160223;0000;;;12,8385;
160224;0000;;;10,9578;
160225;0000;;;12,8797;
160226;0000;;;9,82228;
160227;0000;;;14,6732;
160228;0000;;;12,7968;
160229;0000;;;8,77013;
160301;0000;;;10,6599;
160302;0000;;;11,0017;
160303;0000;;;6,45148;
160304;0000;;;8,75252;
160305;0000;;;7,65218;
160306;0000;;;6,7051;
160307;0000;;;5,37179;
160308;0000;;;10,2213;
160309;0000;;;12,3402;
160310;0000;;;6,1516;
160311;0000;;;7,97116;
160312;0000;;;7,50367;
160313;0000;;;11,506;
160314;0000;;;12,2181;
160315;0000;;;8,62166;
160316;0000;;;7,07381;
160317;0000;;;7,87766;
160318;0000;;;13,9096;
160319;0000;;;14,5609;
160320;0000;;;9,7453;
160321;0000;;;6,30166;
160322;0000;;;13,57;
160323;0000;;;9,62767;
160324;0000;;;7,9546;
160325;0000;;;9,46123;
160326;0000;;;8,41103;
160327;0000;;;5,77807;
160328;0000;;;5,80306;
160329;0000;;;9,53665;
160330;0000;;;8,60469;
160331;0000;;;13,2263;
160401;0000;;;14,4685;
160402;0000;;;6,75083;
160403;0000;;;5,5596;
160404;0000;;;9,08438;
160405;0000;;;18,1891;
160406;0000;;;8,45332;
160407;0000;;;17,0196;
160408;0000;;;9,94412;
160409;0000;;;5,77225;
160410;0000;;;8,96393;
160411;0000;;;9,94934;
160412;0000;;;10,9719;
160413;0000;;;20,0429;
160414;0000;;;14,4077;
160415;0000;;;7,76371;
160416;0000;;;9,71964;
160417;0000;;;6,16064;
160418;0000;;;9,14127;
160419;0000;;;6,5;
160420;0000;;;10,5306;
160421;0000;;;11,7701;
160422;0000;;;11,9483;
160423;0000;;;7,61734;
160424;0000;;;8,35469;
160425;0000;;;7,37184;
160426;0000;;;18,8647;
160427;0000;;;23,1697;
160428;0000;;;15,9102;
160429;0000;;;12,8763;
160430;0000;;;24,5896;
160501;0000;;;8,41475;
160502;0000;;;12,1534;
160503;0000;;;19,0537;
160504;0000;;;10,4772;
160505;0000;;;11,1291;
160506;0000;;;14,5783;
160507;0000;;;12,0292;
160508;0000;;;11,8299;
160509;0000;;;15,5564;
160510;0000;;;20,1925;
160511;0000;;;11,4962;
160512;0000;;;19,0239;
160513;0000;;;21,4475;
160514;0000;;;10,1325;
160515;0000;;;8,48444;
160516;0000;;;15,9521;
160517;0000;;;14,0939;
160518;0000;;;14,6057;
160519;0000;;;14,4994;
160520;0000;;;14,7879;
160521;0000;;;9,4415;
160522;0000;;;19,4811;
160523;0000;;;18,7361;
160524;0000;;;47,863;
160525;0000;;;36,2216;
160526;0000;;;31,2117;
160527;0000;;;26,3412;
160528;0000;;;22,8368;
160529;0000;;;16,4977;
160530;0000;;;17,5971;
160531;0000;;;24,9617;
160601;0000;;;25,903;
160602;0000;;;29,2265;
160603;0000;;;8,90205;
160604;0000;;;8,94276;
160605;0000;;;8,30974;
160606;0000;;;14,1395;
160607;0000;;;19,5341;
160608;0000;;;27,0986;
160609;0000;;;25,4887;
160610;0000;;;34,6356;
160611;0000;;;28,0017;
160612;0000;;;21,7387;
160613;0000;;;16,8916;
160614;0000;;;20,0824;
160615;0000;;;24,885;
160616;0000;;;26,3354;
160617;0000;;;21,5282;
160618;0000;;;24,0387;
160619;0000;;;16,6558;
160620;0000;;;16,7689;
160621;0000;;;34,9042;
160622;0000;;;38,9393;
160623;0000;;;29,1241;
160624;0000;;;19,389;
160625;0000;;;14,4703;
160626;0000;;;18,9153;
160627;0000;;;17,8448;
160628;0000;;;33,9564;
160629;0000;;;17,9917;
160630;0000;;;28,6102;
160701;0000;;;26,6183;
160702;0000;;;11,4398;
160703;0000;;;11,8382;
160704;0000;;;12,6816;
160705;0000;;;16,3792;
160706;0000;;;15,6639;
160707;0000;;;23,539;
160708;0000;;;11,305;
160709;0000;;;15,4144;
160710;0000;;;16,0766;
160711;0000;;;7,69942;
160712;0000;;;15,7426;
160713;0000;;;4,64925;
160714;0000;;;7,19355;
160715;0000;;;19,3148;
160716;0000;;;31,306;
160717;0000;;;12,6695;
160718;0000;;;12,7447;
160719;0000;;;14,1264;
160720;0000;;;17,5712;
160721;0000;;;27,3436;
160722;0000;;;17,1278;
160723;0000;;;16,8657;
160724;0000;;;7,10055;
160725;0000;;;5,24937;
160726;0000;;;15,9828;
160727;0000;;;17,0595;
160728;0000;;;39,9269;
160729;0000;;;24,9859;
160730;0000;;;13,944;
160731;0000;;;11,3597;
160801;0000;;;13,8371;
160802;0000;;;22,6489;
160803;0000;;;17,9391;
160804;0000;;;20,603;
160805;0000;;;15,3697;
160806;0000;;;12,7451;
160807;0000;;;10,6832;
160808;0000;;;20,4928;
160809;0000;;;19,121;
160810;0000;;;12,0239;
160811;0000;;;9,23953;
160812;0000;;;20,4953;
160813;0000;;;17,132;
160814;0000;;;23,8214;
160815;0000;;;13,4999;
160816;0000;;;13,4962;
160817;0000;;;7,55383;
160818;0000;;;6,05965;
160819;0000;;;7,4334;
160820;0000;;;6,92484;
160821;0000;;;11,7058;
160822;0000;;;8,97939;
160823;0000;;;4,92049;
160824;0000;;;12,0434;
160825;0000;;;17,522;
160826;0000;;;6,79182;
160827;0000;;;5,60279;
160828;0000;;;6,21725;
160829;0000;;;10,3343;
160830;0000;;;7,84663;
160831;0000;;;5,73645;
160901;0000;;;5,02188;
160902;0000;;;6,19552;
160903;0000;;;8,91403;
160904;0000;;;5,03831;
160905;0000;;;9,81361;
160906;0000;;;16,5536;
160907;0000;;;8,86804;
160908;0000;;;9,96857;
160909;0000;;;16,0307;
160910;0000;;;5,28183;
160911;0000;;;5,49759;
160912;0000;;;8,14156;
160913;0000;;;7,45281;
160914;0000;;;7,32467;
160915;0000;;;5,35713;
160916;0000;;;6,07317;
160917;0000;;;4,42175;
160918;0000;;;7,76208;
160919;0000;;;5,49836;
160920;0000;;;9,14293;
160921;0000;;;6,39265;
160922;0000;;;5,62434;
160923;0000;;;5,4819;
160924;0000;;;5,90849;
160925;0000;;;3,80061;
160926;0000;;;4,7458;
160927;0000;;;4,17948;
160928;0000;;;5,08716;
160929;0000;;;6,53458;
160930;0000;;;7,0162;
161001;0000;;;6,21656;
161002;0000;;;5,83539;
161003;0000;;;4,30279;
161004;0000;;;3,89115;
161005;0000;;;3,31663;
161006;0000;;;3,18988;
161007;0000;;;6,10432;
161008;0000;;;8,64322;
161009;0000;;;5,8916;
161010;0000;;;5,33745;
161011;0000;;;13,0007;
161012;0000;;;10,1421;
161013;0000;;;9,50632;
161014;0000;;;7,09296;
161015;0000;;;4,18973;
161016;0000;;;3,22416;
161017;0000;;;3,51072;
161018;0000;;;6,01215;
161019;0000;;;5,59797;
161020;0000;;;5,02567;
161021;0000;;;7,44807;
161022;0000;;;3,84695;
161023;0000;;;4,02473;
161024;0000;;;4,51868;
161025;0000;;;4,47906;
161026;0000;;;5,48759;
161027;0000;;;4,28556;
161028;0000;;;3,86241;
161029;0000;;;3,84121;
161030;0000;;;3,36414;
161031;0000;;;4,1076;
161101;0000;;;3,3105;
161102;0000;;;4,32117;
161103;0000;;;4,94974;
161104;0000;;;4,77003;
161105;0000;;;4,68084;
161106;0000;;;5,43832;
161107;0000;;;7,31631;
161108;0000;;;6,63684;
161109;0000;;;5,5139;
161110;0000;;;7,26164;
161111;0000;;;4,53244;
161112;0000;;;5,22518;
161113;0000;;;3,86337;
161114;0000;;;5,44819;
161115;0000;;;5,30062;
161116;0000;;;6,04131;
161117;0000;;;6,48307;
161118;0000;;;4,66876;
161119;0000;;;5,15802;
161120;0000;;;3,73967;
161121;0000;;;5,01746;
161122;0000;;;5,52567;
161123;0000;;;3,94411;
161124;0000;;;8,58171;
161125;0000;;;4,21224;
161126;0000;;;5,05892;
161127;0000;;;3,59085;
161128;0000;;;4,76968;
161129;0000;;;4,65789;
161130;0000;;;3,13736;
161201;0000;;;;
161202;0000;;;3,99274;
161203;0000;;;3,77094;
161204;0000;;;3,6441;
161205;0000;;;3,61938;
161206;0000;;;8,06424;
161207;0000;;;5,05544;
161208;0000;;;3,49141;
161209;0000;;;6,02499;
161210;0000;;;6,46502;
161211;0000;;;4,21156;
161212;0000;;;4,21618;
161213;0000;;;6,85587;
161214;0000;;;5,12529;
161215;0000;;;5,77349;
161216;0000;;;6,74212;
161217;0000;;;5,05647;
161218;0000;;;4,12895;
161219;0000;;;4,83177;
161220;0000;;;4,72413;
161221;0000;;;4,83966;
161222;0000;;;4,57546;
161223;0000;;;4,79799;
161224;0000;;;5,88403;
161225;0000;;;7,75909;
161226;0000;;;;
161227;0000;;;;
161228;0000;;;;
161229;0000;;;5,67043;
161230;0000;;;9,78085;
161231;0000;;;7,04964;
170101;0000;;;8,34029;
170102;0000;;;6,64897;
170103;0000;;;7,05677;
170104;0000;;;5,04112;
170105;0000;;;6,79551;
170106;0000;;;7,10847;
170107;0000;;;5,77306;
170108;0000;;;5,70331;
170109;0000;;;11,6954;
170110;0000;;;5,48769;
170111;0000;;;5,30758;
170112;0000;;;5,13318;
170113;0000;;;5,19624;
170114;0000;;;4,24703;
170115;0000;;;7,05977;
170116;0000;;;4,60324;
170117;0000;;;8,3672;
170118;0000;;;6,39617;
170119;0000;;;4,76285;
170120;0000;;;6,29128;
170121;0000;;;4,07272;
170122;0000;;;5,11359;
170123;0000;;;4,33908;
170124;0000;;;7,57036;
170125;0000;;;5,63042;
170126;0000;;;5,3921;
170127;0000;;;6,01032;
170128;0000;;;4,11798;
170129;0000;;;3,74886;
170130;0000;;;4,31437;
170131;0000;;;5,25497;
170201;0000;;;5,17166;
170202;0000;;;4,21737;
170203;0000;;;4,73491;
170204;0000;;;4,8666;
170205;0000;;;5,25138;
170206;0000;;;4,77699;
170207;0000;;;7,45695;
170208;0000;;;4,35021;
170209;0000;;;5,4053;
170210;0000;;;5,67412;
170211;0000;;;8,43922;
170212;0000;;;8,51242;
170213;0000;;;4,6003;
170214;0000;;;5,55063;
170215;0000;;;9,07072;
170216;0000;;;9,80431;
170217;0000;;;9,23363;
170218;0000;;;4,88222;
170219;0000;;;7,09618;
170220;0000;;;5,25217;
170221;0000;;;5,51244;
170222;0000;;;6,28935;
170223;0000;;;5,81422;
170224;0000;;;6,80142;
170225;0000;;;7,05811;
170226;0000;;;7,11576;
170227;0000;;;9,73863;
170228;0000;;;7,80473;
170301;0000;;;9,08972;
170302;0000;;;11,1463;
170303;0000;;;4,18483;
170304;0000;;;6,47854;
170305;0000;;;9,71182;
170306;0000;;;8,60767;
170307;0000;;;6,34597;
170308;0000;;;6,86272;
170309;0000;;;3,93666;
170310;0000;;;6,64359;
170311;0000;;;5,39588;
170312;0000;;;5,60136;
170313;0000;;;4,47662;
170314;0000;;;4,92426;
170315;0000;;;7,34525;
170316;0000;;;4,56078;
170317;0000;;;6,25613;
170318;0000;;;4,42448;
170319;0000;;;4,26138;
170320;0000;;;5,46431;
170321;0000;;;4,58757;
170322;0000;;;4,27782;
170323;0000;;;4,77681;
170324;0000;;;5,45181;
170325;0000;;;5,9418;
170326;0000;;;6,07917;
170327;0000;;;9,33073;
170328;0000;;;9,6907;
170329;0000;;;6,94974;
170330;0000;;;12,2726;
170331;0000;;;12,1989;
170401;0000;;;8,2433;
170402;0000;;;7,49997;
170403;0000;;;10,8713;
170404;0000;;;8,95615;
170405;0000;;;8,67191;
170406;0000;;;9,45024;
170407;0000;;;6,01814;
170408;0000;;;6,98904;
170409;0000;;;10,0611;
170410;0000;;;21,2119;
170411;0000;;;7,16011;
170412;0000;;;8,14781;
170413;0000;;;17,9755;
170414;0000;;;13,7802;
170415;0000;;;9,92154;
170416;0000;;;10,6299;
170417;0000;;;7,69051;
170418;0000;;;8,35144;
170419;0000;;;9,01826;
170420;0000;;;9,95668;
170421;0000;;;6,92385;
170422;0000;;;3,46302;
170423;0000;;;6,89669;
170424;0000;;;6,93269;
170425;0000;;;5,91368;
170426;0000;;;8,11658;
170427;0000;;;15,9537;
170428;0000;;;15,7354;
170429;0000;;;13,5;
170430;0000;;;9,38115;
170501;0000;;;5,96811;
170502;0000;;;11,1106;
170503;0000;;;15,4952;
170504;0000;;;11,2319;
170505;0000;;;9,13951;
170506;0000;;;3,98025;
170507;0000;;;5,07046;
170508;0000;;;6,29316;
170509;0000;;;7,98143;
170510;0000;;;6,58241;
170511;0000;;;4,5892;
170512;0000;;;6,19656;
170513;0000;;;7,53468;
170514;0000;;;7,99306;
170515;0000;;;7,27302;
170516;0000;;;4,78671;
170517;0000;;;7,8243;
170518;0000;;;5,50375;
170519;0000;;;4,89736;
170520;0000;;;11,5287;
170521;0000;;;11,4872;
170522;0000;;;13,2614;
170523;0000;;;7,6936;
170524;0000;;;12,6558;
170525;0000;;;9,02957;
170526;0000;;;17,7913;
170527;0000;;;13,4148;
170528;0000;;;12,0637;
170529;0000;;;11,3073;
170530;0000;;;;
170531;0000;;;7,35726;
170601;0000;;;11,304;
170602;0000;;;15,7879;
170603;0000;;;6,73589;
170604;0000;;;6,80135;
170605;0000;;;7,56936;
170606;0000;;;14,3331;
170607;0000;;;;
170608;0000;;;;
170609;0000;;;9,04451;
170610;0000;;;12,2558;
170611;0000;;;13,4586;
170612;0000;;;9,22351;
170613;0000;;;10,3687;
170614;0000;;;10,9264;
170615;0000;;;11,9021;
170616;0000;;;4,48119;
170617;0000;;;4,30888;
170618;0000;;;;
170619;0000;;;10,1562;
170620;0000;;;29,0261;
170621;0000;;;8,30406;
170622;0000;;;5,52383;
170623;0000;;;8,42052;
170624;0000;;;5,17568;
170625;0000;;;4,52974;
170626;0000;;;6,22758;
170627;0000;;;10,2134;
170628;0000;;;21,9997;
170629;0000;;;12,461;
170630;0000;;;16,4016;
170701;0000;;;13,8459;
170702;0000;;;6,72681;
170703;0000;;;6,46498;
170704;0000;;;7,13254;
170705;0000;;;14,0271;
170706;0000;;;20,3001;
170707;0000;;;26,6127;
170708;0000;;;10,5648;
170709;0000;;;7,78258;
170710;0000;;;13,015;
170711;0000;;;16,0004;
170712;0000;;;6,87641;
170713;0000;;;3,3425;
170714;0000;;;7,18974;
170715;0000;;;6,91399;
170716;0000;;;5,62676;
170717;0000;;;12,2273;
170718;0000;;;23,7773;
170719;0000;;;21,3662;
170720;0000;;;14,7355;
170721;0000;;;7,33322;
170722;0000;;;9,41287;
170723;0000;;;11,124;
170724;0000;;;7,08585;
170725;0000;;;20,3221;
170726;0000;;;18,5091;
170727;0000;;;14,4929;
170728;0000;;;12,5889;
170729;0000;;;10,0059;
170730;0000;;;11,6565;
170731;0000;;;18,0819;
170801;0000;;;12,0344;
170802;0000;;;13,2815;
170803;0000;;;13,2697;
170804;0000;;;7,92212;
170805;0000;;;7,14996;
170806;0000;;;14,6824;
170807;0000;;;12,8502;
170808;0000;;;12,2939;
170809;0000;;;8,51608;
170810;0000;;;6,03652;
170811;0000;;;9,45952;
170812;0000;;;8,70836;
170813;0000;;;13,0396;
170814;0000;;;9,4742;
170815;0000;;;8,9857;
170816;0000;;;10,9236;
170817;0000;;;14,6435;
170818;0000;;;7,88879;
170819;0000;;;6,4221;
170820;0000;;;10,0058;
170821;0000;;;12,8571;
170822;0000;;;5,85166;
170823;0000;;;7,04434;
170824;0000;;;7,84589;
170825;0000;;;12,8248;
170826;0000;;;10,1999;
170827;0000;;;7,51852;
170828;0000;;;16,0576;
170829;0000;;;7,76816;
170830;0000;;;14,4663;
170831;0000;;;17,8037;
170901;0000;;;7,79096;
170902;0000;;;10,3695;
170903;0000;;;7,37697;
170904;0000;;;9,54118;
170905;0000;;;12,4144;
170906;0000;;;8,82091;
170907;0000;;;13,6739;
170908;0000;;;5,92199;
170909;0000;;;7,87124;
170910;0000;;;6,01731;
170911;0000;;;10,8911;
170912;0000;;;5,68877;
170913;0000;;;6,68154;
170914;0000;;;6,40315;
170915;0000;;;9,03685;
170916;0000;;;15,3937;
170917;0000;;;7,88631;
170918;0000;;;6,70474;
170919;0000;;;6,16146;
170920;0000;;;5,45434;
170921;0000;;;8,64426;
170922;0000;;;8,05215;
170923;0000;;;6,79183;
170924;0000;;;6,03531;
170925;0000;;;10,1737;
170926;0000;;;6,58135;
170927;0000;;;8,50873;
170928;0000;;;7,70063;
170929;0000;;;9,24922;
170930;0000;;;7,41867;
171001;0000;;;5,35494;
171002;0000;;;9,21858;
171003;0000;;;11,2556;
171004;0000;;;11,6577;
171005;0000;;;6,59141;
171006;0000;;;9,08839;
171007;0000;;;5,42353;
171008;0000;;;4,97166;
171009;0000;;;5,06783;
171010;0000;;;6,92756;
171011;0000;;;8,37984;
171012;0000;;;7,69168;
171013;0000;;;9,55748;
171014;0000;;;6,54968;
171015;0000;;;5,82919;
171016;0000;;;6,50702;
171017;0000;;;5,5842;
171018;0000;;;6,52044;
171019;0000;;;8,1808;
171020;0000;;;5,4151;
171021;0000;;;9,04492;
171022;0000;;;6,42214;
171023;0000;;;8,84006;
171024;0000;;;6,95377;
171025;0000;;;5,18487;
171026;0000;;;4,61562;
171027;0000;;;5,96557;
171028;0000;;;4,70238;
171029;0000;;;4,11526;
171030;0000;;;6,26096;
171031;0000;;;10,1242;
171101;0000;;;18,1134;
171102;0000;;;5,04014;
171103;0000;;;6,28413;
171104;0000;;;8,43097;
171105;0000;;;6,74239;
171106;0000;;;5,03667;
171107;0000;;;4,68821;
171108;0000;;;5,8559;
171109;0000;;;5,91557;
171110;0000;;;7,1462;
171111;0000;;;5,36779;
171112;0000;;;5,34903;
171113;0000;;;5,14394;
171114;0000;;;8,03825;
171115;0000;;;4,74987;
171116;0000;;;5,55337;
171117;0000;;;6,6995;
171118;0000;;;9,45332;
171119;0000;;;7,481;
171120;0000;;;8,19849;
171121;0000;;;10,3526;
171122;0000;;;7,71027;
171123;0000;;;5,64327;
171124;0000;;;5,39729;
171125;0000;;;8,47101;
171126;0000;;;5,35518;
171127;0000;;;5,2729;
171128;0000;;;4,7213;
171129;0000;;;5,75087;
171130;0000;;;8,5416;
171201;0000;;;5,29833;
171202;0000;;;4,7552;
171203;0000;;;4,9838;
171204;0000;;;9,17607;
171205;0000;;;4,80303;
171206;0000;;;4,54208;
171207;0000;;;6,52898;
171208;0000;;;5,75828;
171209;0000;;;7,55179;
171210;0000;;;5,82391;
171211;0000;;;5,11351;
171212;0000;;;5,43187;
171213;0000;;;6,78488;
171214;0000;;;7,97026;
171215;0000;;;6,3761;
171216;0000;;;7,84579;
171217;0000;;;9,0414;
171218;0000;;;6,06963;
171219;0000;;;5,38806;
171220;0000;;;5,40147;
171221;0000;;;7,82293;
171222;0000;;;6,28078;
171223;0000;;;6,96541;
171224;0000;;;7,49216;
171225;0000;;;6,02509;
171226;0000;;;8,04842;
171227;0000;;;5,52664;
171228;0000;;;5,91074;
171229;0000;;;5,01822;
171230;0000;;;6,86996;
171231;0000;;;5,36484;
180101;0000;;;5,37643;
180102;0000;;;8,6794;
180103;0000;;;8,75674;
180104;0000;;;7,33388;
180105;0000;;;4,59222;
180106;0000;;;6,83012;
180107;0000;;;5,41808;
180108;0000;;;8,58908;
180109;0000;;;13,7229;
180110;0000;;;6,19736;
180111;0000;;;4,93283;
180112;0000;;;5,25837;
180113;0000;;;5,69035;
180114;0000;;;5,19993;
180115;0000;;;5,34984;
180116;0000;;;5,44673;
180117;0000;;;8,25674;
180118;0000;;;6,87612;
180119;0000;;;5,86629;
180120;0000;;;5,37907;
180121;0000;;;5,65228;
180122;0000;;;10,3832;
180123;0000;;;5,43726;
180124;0000;;;11,9969;
180125;0000;;;6,30563;
180126;0000;;;6,23355;
180127;0000;;;11,8621;
180128;0000;;;8,43204;
180129;0000;;;5,72444;
180130;0000;;;5,7361;
180131;0000;;;6,64519;
180201;0000;;;10,3152;
180202;0000;;;6,52127;
180203;0000;;;5,22306;
180204;0000;;;7,15419;
180205;0000;;;5,23818;
180206;0000;;;5,12686;
180207;0000;;;5,04237;
180208;0000;;;4,9522;
180209;0000;;;8,46123;
180210;0000;;;7,04044;
180211;0000;;;8,13805;
180212;0000;;;9,72375;
180213;0000;;;10,6752;
180214;0000;;;10,8385;
180215;0000;;;5,4615;
180216;0000;;;6,69166;
180217;0000;;;9,83955;
180218;0000;;;6,01444;
180219;0000;;;4,76102;
180220;0000;;;;
180221;0000;;;15,7868;
180222;0000;;;5,53233;
180223;0000;;;7,49963;
180224;0000;;;4,50327;
180225;0000;;;6,07175;
180226;0000;;;8,63707;
180227;0000;;;5,3188;
180228;0000;;;4,04197;
180301;0000;;;4,63415;
180302;0000;;;6,76151;
180303;0000;;;4,64835;
180304;0000;;;6,18089;
180305;0000;;;5,69318;
180306;0000;;;6,35563;
180307;0000;;;5,31464;
180308;0000;;;5,03455;
180309;0000;;;10,9857;
180310;0000;;;4,74987;
180311;0000;;;5,60815;
180312;0000;;;8,09982;
180313;0000;;;7,02297;
180314;0000;;;6,68875;
180315;0000;;;8,48239;
180316;0000;;;11,9234;
180317;0000;;;11,9042;
180318;0000;;;3,93491;
180319;0000;;;7,61044;
180320;0000;;;18,489;
180321;0000;;;25,8206;
180322;0000;;;9,76765;
180323;0000;;;9,45084;
180324;0000;;;5,91579;
180325;0000;;;6,52427;
180326;0000;;;7,14694;
180327;0000;;;8,43671;
180328;0000;;;4,90399;
180329;0000;;;7,81233;
180330;0000;;;6,64001;
180331;0000;;;4,29707;
180401;0000;;;8,9333;
180402;0000;;;5,18005;
180403;0000;;;5,07393;
180404;0000;;;6,54948;
180405;0000;;;15,5578;
180406;0000;;;5,40797;
180407;0000;;;4,42038;
180408;0000;;;10,8044;
180409;0000;;;10,7164;
180410;0000;;;20,6118;
180411;0000;;;12,6268;
180412;0000;;;7,76494;
180413;0000;;;15,1711;
180414;0000;;;13,9504;
180415;0000;;;10,7104;
180416;0000;;;5,5564;
180417;0000;;;8,98753;
180418;0000;;;8,69791;
180419;0000;;;7,97281;
180420;0000;;;9,28101;
180421;0000;;;9,08534;
180422;0000;;;6,62661;
180423;0000;;;13,007;
180424;0000;;;7,65858;
180425;0000;;;18,3918;
180426;0000;;;15,0191;
180427;0000;;;11,4916;
180428;0000;;;12,1208;
180429;0000;;;5,56388;
180430;0000;;;6,73637;
180501;0000;;;13,8536;
180502;0000;;;10,2056;
180503;0000;;;12,8978;
180504;0000;;;14,2937;
180505;0000;;;9,43398;
180506;0000;;;6,18472;
180507;0000;;;6,82231;
180508;0000;;;7,50705;
180509;0000;;;15,7918;
180510;0000;;;17,0359;
180511;0000;;;18,2483;
180512;0000;;;9,42474;
180513;0000;;;6,36839;
180514;0000;;;12,3851;
180515;0000;;;15,6448;
180516;0000;;;15,798;
180517;0000;;;11,3568;
180518;0000;;;9,2973;
180519;0000;;;14,8093;
180520;0000;;;14,2901;
180521;0000;;;9,25966;
180522;0000;;;15,6756;
180523;0000;;;12,7233;
180524;0000;;;17,4063;
180525;0000;;;13,5231;
180526;0000;;;11,9847;
180527;0000;;;15,783;
180528;0000;;;13,25;
180529;0000;;;3,88653;
180530;0000;;;3,24669;
180531;0000;;;5,0071;
180601;0000;;;12,6138;
180602;0000;;;10,3442;
180603;0000;;;8,28905;
180604;0000;;;21,0037;
180605;0000;;;27,7222;
180606;0000;;;9,79886;
180607;0000;;;12,5606;
180608;0000;;;23,6999;
180609;0000;;;;
180610;0000;;;;
180611;0000;;;7,05911;
180612;0000;;;6,70749;
180613;0000;;;13,2817;
180614;0000;;;23,4987;
180615;0000;;;34,868;
180616;0000;;;24,2376;
180617;0000;;;15,4388;
180618;0000;;;21,2378;
180619;0000;;;10,6238;
180620;0000;;;16,6414;
180621;0000;;;19,9044;
180622;0000;;;12,754;
180623;0000;;;21,6561;
180624;0000;;;7,94174;
180625;0000;;;11,2236;
180626;0000;;;21,6364;
180627;0000;;;14,9018;
180628;0000;;;8,75398;
180629;0000;;;12,8332;
180630;0000;;;8,90349;
180701;0000;;;6,91035;
180702;0000;;;7,06744;
180703;0000;;;6,61797;
180704;0000;;;5,61772;
180705;0000;;;5,39816;
180706;0000;;;4,83944;
180707;0000;;;7,29486;
180708;0000;;;11,3247;
180709;0000;;;12,9823;
180710;0000;;;8,75659;
180711;0000;;;7,72357;
180712;0000;;;13,5431;
180713;0000;;;17,3888;
180714;0000;;;10,9576;
180715;0000;;;4,96092;
180716;0000;;;10,357;
180717;0000;;;6,7403;
180718;0000;;;5,91683;
180719;0000;;;9,35233;
180720;0000;;;8,37233;
180721;0000;;;15,5789;
180722;0000;;;5,00028;
180723;0000;;;9,6573;
180724;0000;;;9,31929;
180725;0000;;;12,0876;
180726;0000;;;7,84185;
180727;0000;;;8,62112;
180728;0000;;;14,2185;
180729;0000;;;16,5082;
180730;0000;;;16,6571;
180731;0000;;;18,3172;
180801;0000;;;11,1653;
180802;0000;;;7,6639;
180803;0000;;;7,68697;
180804;0000;;;10,5821;
180805;0000;;;14,8191;
180806;0000;;;9,87691;
180807;0000;;;6,04799;
180808;0000;;;7,7892;
180809;0000;;;14,73;
180810;0000;;;11,2946;
180811;0000;;;7,78792;
180812;0000;;;8,27821;
180813;0000;;;8,20799;
180814;0000;;;6,85188;
180815;0000;;;16,1664;
180816;0000;;;6,78493;
180817;0000;;;7,81319;
180818;0000;;;4,03353;
180819;0000;;;5,2298;
180820;0000;;;8,95035;
180821;0000;;;8,8297;
180822;0000;;;9,76901;
180823;0000;;;6,93903;
180824;0000;;;4,55836;
180825;0000;;;6,45628;
180826;0000;;;5,7094;
180827;0000;;;6,4963;
180828;0000;;;4,90682;
180829;0000;;;4,73641;
180830;0000;;;5,51245;
180831;0000;;;7,21071;
180901;0000;;;10,2097;
180902;0000;;;9,56946;
180903;0000;;;13,716;
180904;0000;;;7,46108;
180905;0000;;;5,43665;
180906;0000;;;8,86433;
180907;0000;;;7,15343;
180908;0000;;;7,82519;
180909;0000;;;7,05024;
180910;0000;;;11,53;
180911;0000;;;6,65634;
180912;0000;;;10,6289;
180913;0000;;;6,31343;
180914;0000;;;5,86052;
180915;0000;;;6,00071;
180916;0000;;;16,6103;
180917;0000;;;9,37476;
180918;0000;;;5,87375;
180919;0000;;;6,91326;
180920;0000;;;14,637;
180921;0000;;;14,3733;
180922;0000;;;11,2321;
180923;0000;;;4,07998;
180924;0000;;;5,65232;
180925;0000;;;7,47162;
180926;0000;;;7,79013;
180927;0000;;;7,5874;
180928;0000;;;11,007;
180929;0000;;;5,84273;
180930;0000;;;4,47466;
181001;0000;;;5,27665;
181002;0000;;;5,84206;
181003;0000;;;6,22598;
181004;0000;;;6,41826;
181005;0000;;;6,31344;
181006;0000;;;5,41052;
181007;0000;;;4,27743;
181008;0000;;;4,86108;
181009;0000;;;4,3428;
181010;0000;;;6,62582;
181011;0000;;;4,46843;
181012;0000;;;3,90361;
181013;0000;;;4,17912;
181014;0000;;;4,97224;
181015;0000;;;5,22691;
181016;0000;;;5,54736;
181017;0000;;;6,41405;
181018;0000;;;5,90651;
181019;0000;;;7,11226;
181020;0000;;;4,23358;
181021;0000;;;4,88531;
181022;0000;;;6,23884;
181023;0000;;;7,48909;
181024;0000;;;5,57397;
181025;0000;;;5,96811;
181026;0000;;;6,1769;
181027;0000;;;5,81461;
181028;0000;;;6,38453;
181029;0000;;;5,63985;
181030;0000;;;4,82741;
181031;0000;;;5,66872;
181101;0000;;;5,87442;
181102;0000;;;5,48258;
181103;0000;;;4,72025;
181104;0000;;;4,86884;
181105;0000;;;8,91454;
181106;0000;;;8,05249;
181107;0000;;;6,74075;
181108;0000;;;7,49831;
181109;0000;;;8,14368;
181110;0000;;;7,95828;
181111;0000;;;4,59309;
181112;0000;;;4,45573;
181113;0000;;;6,88076;
181114;0000;;;5,56342;
181115;0000;;;13,3529;
181116;0000;;;4,87659;
181117;0000;;;9,21635;
181118;0000;;;10,6863;
181119;0000;;;5,49725;
181120;0000;;;6,73911;
181121;0000;;;5,27666;
181122;0000;;;6,06696;
181123;0000;;;5,28068;
181124;0000;;;7,2374;
181125;0000;;;4,74667;
181126;0000;;;5,55369;
181127;0000;;;7,93179;
181128;0000;;;4,27643;
181129;0000;;;3,43316;
181130;0000;;;6,52345;
181201;0000;;;3,82182;
181202;0000;;;3,53596;
181203;0000;;;6,65127;
181204;0000;;;5,89597;
181205;0000;;;9,27806;
181206;0000;;;4,30139;
181207;0000;;;5,78977;
181208;0000;;;20,3375;
181209;0000;;;5,70528;
181210;0000;;;7,09096;
181211;0000;;;5,37106;
181212;0000;;;5,03407;
181213;0000;;;4,14056;
181214;0000;;;3,7114;
181215;0000;;;9,05235;
181216;0000;;;7,57899;
181217;0000;;;5,40753;
181218;0000;;;5,99195;
181219;0000;;;6,74998;
181220;0000;;;5,83467;
181221;0000;;;8,1772;
181222;0000;;;3,61956;
181223;0000;;;3,91985;
181224;0000;;;5,14769;
181225;0000;;;7,64256;
181226;0000;;;7,54261;
181227;0000;;;4,1469;
181228;0000;;;4,99035;
181229;0000;;;7,25;
181230;0000;;;11,7723;
181231;0000;;;6,2225;
190101;0000;;;5,36154;
190102;0000;;;6,72236;
190103;0000;;;7,38825;
190104;0000;;;5,66509;
190105;0000;;;3,79814;
190106;0000;;;10,1022;
190107;0000;;;5,84436;
190108;0000;;;;
190109;0000;;;10,6052;
190110;0000;;;10,0238;
190111;0000;;;11,6879;
190112;0000;;;9,6799;
190113;0000;;;5,78699;
190114;0000;;;7,11732;
190115;0000;;;8,51559;
190116;0000;;;6,05978;
190117;0000;;;10,4731;
190118;0000;;;6,92409;
190119;0000;;;4,32256;
190120;0000;;;4,05888;
190121;0000;;;4,66704;
190122;0000;;;5,68149;
190123;0000;;;5,53801;
190124;0000;;;3,99024;
190125;0000;;;5,25881;
190126;0000;;;9,37622;
190127;0000;;;3,71613;
190128;0000;;;8,12991;
190129;0000;;;5,11872;
190130;0000;;;9,0071;
190131;0000;;;4,51775;
190201;0000;;;7,39146;
190202;0000;;;7,09113;
190203;0000;;;6,96142;
190204;0000;;;3,63235;
190205;0000;;;4,04981;
190206;0000;;;4,3907;
190207;0000;;;4,15064;
190208;0000;;;8,56702;
190209;0000;;;4,72189;
190210;0000;;;10,8932;
190211;0000;;;12,5735;
190212;0000;;;6,20499;
190213;0000;;;7,21878;
190214;0000;;;8,92412;
190215;0000;;;3,8873;
190216;0000;;;5,94904;
190217;0000;;;21,0881;
190218;0000;;;7,51556;
190219;0000;;;4,60648;
190220;0000;;;6,80184;
190221;0000;;;8,45413;
190222;0000;;;6,50896;
190223;0000;;;10,1794;
190224;0000;;;7,30414;
190225;0000;;;7,72373;
190226;0000;;;13,8699;
190227;0000;;;8,67578;
190228;0000;;;9,65456;
190301;0000;;;9,67363;
190302;0000;;;5,95966;
190303;0000;;;5,62218;
190304;0000;;;11,4738;
190305;0000;;;12,6409;
190306;0000;;;11,9527;
190307;0000;;;12,6087;
190308;0000;;;5,50669;
190309;0000;;;7,12087;
190310;0000;;;9,53114;
190311;0000;;;12,2985;
190312;0000;;;11,0638;
190313;0000;;;9,07263;
190314;0000;;;6,64564;
190315;0000;;;7,86556;
190316;0000;;;6,81839;
190317;0000;;;5,71581;
190318;0000;;;11,2715;
190319;0000;;;9,82253;
190320;0000;;;10,6466;
190321;0000;;;10,422;
190322;0000;;;12,3384;
190323;0000;;;5,87739;
190324;0000;;;8,07085;
190325;0000;;;5,77596;
190326;0000;;;10,8418;
190327;0000;;;8,87466;
190328;0000;;;8,10564;
190329;0000;;;5,06123;
190330;0000;;;5,04238;
190331;0000;;;6,36182;
190401;0000;;;6,52219;
190402;0000;;;5,9227;
190403;0000;;;3,76381;
190404;0000;;;4,9194;
190405;0000;;;13;
190406;0000;;;19,9521;
190407;0000;;;13,302;
190408;0000;;;9,92766;
190409;0000;;;7,1808;
190410;0000;;;7,14192;
190411;0000;;;5,85719;
190412;0000;;;6,69292;
190413;0000;;;7,41592;
190414;0000;;;10,0614;
190415;0000;;;12,7196;
190416;0000;;;17,1768;
190417;0000;;;11,7723;
190418;0000;;;13,9723;
190419;0000;;;17,4901;
190420;0000;;;9,86296;
190421;0000;;;14,5406;
190422;0000;;;13,6392;
190423;0000;;;13,8094;
190424;0000;;;18,567;
190425;0000;;;19,453;
190426;0000;;;18,6605;
190427;0000;;;18,008;
190428;0000;;;19,0447;
190429;0000;;;13,1464;
190430;0000;;;16,0642;
190501;0000;;;16,912;
190502;0000;;;18,131;
190503;0000;;;13,8719;
190504;0000;;;15,2854;
190505;0000;;;11,41;
190506;0000;;;10,3905;
190507;0000;;;9,40178;
190508;0000;;;12,1512;
190509;0000;;;10,3979;
190510;0000;;;13,758;
190511;0000;;;17,1484;
190512;0000;;;15,4438;
190513;0000;;;18,9743;
190514;0000;;;12,7158;
190515;0000;;;14,6152;
190516;0000;;;17,2554;
190517;0000;;;17,9029;
190518;0000;;;10,2778;
190519;0000;;;11,8165;
190520;0000;;;17,2324;
190521;0000;;;13,8016;
190522;0000;;;24,4918;
190523;0000;;;23,749;
190524;0000;;;31,2684;
190525;0000;;;11,976;
190526;0000;;;11,2985;
190527;0000;;;21,9308;
190528;0000;;;21,2262;
190529;0000;;;12,3671;
190530;0000;;;8,18419;
190531;0000;;;8,75987;
190601;0000;;;13,1047;
190602;0000;;;19,1111;
190603;0000;;;26,8267;
190604;0000;;;17,7831;
190605;0000;;;23,1399;
190606;0000;;;8,58531;
190607;0000;;;9,09526;
190608;0000;;;19,3604;
190609;0000;;;25,8346;
190610;0000;;;29,9568;
190611;0000;;;17,0769;
190612;0000;;;11,4129;
190613;0000;;;18,0364;
190614;0000;;;18,5132;
190615;0000;;;24,063;
190616;0000;;;23,2648;
190617;0000;;;24,0769;
190618;0000;;;16,8565;
190619;0000;;;35,7676;
190620;0000;;;21,1252;
190621;0000;;;14,3104;
190622;0000;;;23,4417;
190623;0000;;;17,4921;
190624;0000;;;11,8571;
190625;0000;;;9,1745;
190626;0000;;;21,1754;
190627;0000;;;27,0847;
190628;0000;;;10,2272;
190629;0000;;;6,2831;
190630;0000;;;13,866;
190701;0000;;;26,1343;
190702;0000;;;22,7548;
190703;0000;;;19,6723;
190704;0000;;;16,7784;
190705;0000;;;25,0369;
190706;0000;;;8,972;
190707;0000;;;13,4932;
190708;0000;;;17,8433;
190709;0000;;;16,2633;
190710;0000;;;20,0761;
190711;0000;;;33,3259;
190712;0000;;;19,3872;
190713;0000;;;22,8859;
190714;0000;;;16,6402;
190715;0000;;;23,3662;
190716;0000;;;15,9649;
190717;0000;;;14,4371;
190718;0000;;;17,7032;
190719;0000;;;21,0315;
190720;0000;;;20,2714;
190721;0000;;;9,00496;
190722;0000;;;8,51295;
190723;0000;;;13,6997;
190724;0000;;;24,4006;
190725;0000;;;25,8494;
190726;0000;;;20,816;
190727;0000;;;20,7079;
190728;0000;;;16,9539;
190729;0000;;;23,3212;
190730;0000;;;21,5314;
190731;0000;;;6,79171;
190801;0000;;;6,18945;
190802;0000;;;11,7571;
190803;0000;;;20,8427;
190804;0000;;;24,1611;
190805;0000;;;12,8648;
190806;0000;;;8,12357;
190807;0000;;;7,5101;
190808;0000;;;19,7871;
190809;0000;;;19,0249;
190810;0000;;;13,7171;
190811;0000;;;9,49892;
190812;0000;;;12,7363;
190813;0000;;;24,2885;
190814;0000;;;8,53667;
190815;0000;;;7,67927;
190816;0000;;;9,33134;
190817;0000;;;18,2269;
190818;0000;;;19,3887;
190819;0000;;;25,1612;
190820;0000;;;8,59842;
190821;0000;;;13,5494;
190822;0000;;;15,618;
190823;0000;;;10,1361;
190824;0000;;;10,3261;
190825;0000;;;8,59518;
190826;0000;;;18,7555;
190827;0000;;;16,2834;
190828;0000;;;16,9575;
190829;0000;;;8,18344;
190830;0000;;;12,3629;
190831;0000;;;17,4752;
190901;0000;;;15,8066;
190902;0000;;;14,9805;
190903;0000;;;21,3457;
190904;0000;;;8,54556;
190905;0000;;;7,63936;
190906;0000;;;13,9393;
190907;0000;;;7,80125;
190908;0000;;;4,5715;
190909;0000;;;6,87248;
190910;0000;;;13,7654;
190911;0000;;;9,69019;
190912;0000;;;16,3307;
190913;0000;;;8,82567;
190914;0000;;;6,34554;
190915;0000;;;6,86044;
190916;0000;;;6,27858;
190917;0000;;;13,2615;
190918;0000;;;8,74051;
190919;0000;;;11,6073;
190920;0000;;;8,80769;
190921;0000;;;16,1429;
190922;0000;;;7,66727;
190923;0000;;;11,0503;
190924;0000;;;8,7598;
190925;0000;;;8,94565;
190926;0000;;;7,06713;
190927;0000;;;7,26926;
190928;0000;;;10,9293;
190929;0000;;;6,04266;
190930;0000;;;6,69285;
191001;0000;;;8,54631;
191002;0000;;;7,02134;
191003;0000;;;6,80961;
191004;0000;;;6,99137;
191005;0000;;;11,1784;
191006;0000;;;7,4213;
191007;0000;;;7,23691;
191008;0000;;;13,6434;
191009;0000;;;11,1608;
191010;0000;;;11,1193;
191011;0000;;;10,2963;
191012;0000;;;8,53589;
191013;0000;;;12,4216;
191014;0000;;;7,47798;
191015;0000;;;7,20949;
191016;0000;;;9,16808;
191017;0000;;;5,0064;
191018;0000;;;10,5858;
191019;0000;;;5,22568;
191020;0000;;;4,49955;
191021;0000;;;5,53194;
191022;0000;;;9,37733;
191023;0000;;;9,95303;
191024;0000;;;6,44755;
191025;0000;;;10,712;
191026;0000;;;8,37102;
191027;0000;;;6,48267;
191028;0000;;;7,05273;
191029;0000;;;13,7257;
191030;0000;;;6,3837;
191031;0000;;;11,4407;
191101;0000;;;9,12724;
191102;0000;;;6,89912;
191103;0000;;;5,04702;
191104;0000;;;5,01794;
191105;0000;;;9,82066;
191106;0000;;;6,94318;
191107;0000;;;7,33337;
191108;0000;;;6,16727;
191109;0000;;;7,05521;
191110;0000;;;9,45422;
191111;0000;;;4,97231;
191112;0000;;;5,14297;
191113;0000;;;4,93692;
191114;0000;;;9,7836;
191115;0000;;;6,65681;
191116;0000;;;7,32278;
191117;0000;;;7,87515;
191118;0000;;;12,5842;
191119;0000;;;5,86436;
191120;0000;;;8,66513;
191121;0000;;;8,52959;
191122;0000;;;9,06175;
191123;0000;;;12,9866;
191124;0000;;;;
191125;0000;;;3,79247;
191126;0000;;;4,35728;
191127;0000;;;7,51565;
191128;0000;;;6,31853;
191129;0000;;;5,15044;
191130;0000;;;10,7755;
191201;0000;;;5,78795;
191202;0000;;;5,74741;
191203;0000;;;5,86634;
191204;0000;;;7,28827;
191205;0000;;;8,75565;
191206;0000;;;4,7976;
191207;0000;;;4,95634;
191208;0000;;;4,88872;
191209;0000;;;4,6662;
191210;0000;;;5,54642;
191211;0000;;;4,65727;
191212;0000;;;12,3577;
191213;0000;;;11,11;
191214;0000;;;7,69366;
191215;0000;;;4,99413;
191216;0000;;;7,9664;
191217;0000;;;8,21008;
191218;0000;;;6,05141;
191219;0000;;;8,32877;
191220;0000;;;11,7244;
191221;0000;;;6,27196;
191222;0000;;;6,60657;
191223;0000;;;5,03894;
191224;0000;;;5,70045;
191225;0000;;;4,84264;
191226;0000;;;6,93579;
191227;0000;;;5,76691;
191228;0000;;;7,35303;
191229;0000;;;5,03022;
191230;0000;;;5,48701;
191231;0000;;;6,27843;
200101;0000;;;4,88572;
200102;0000;;;8,90765;
200103;0000;;;5,41518;
200104;0000;;;5,93637;
200105;0000;;;5,6068;
200106;0000;;;5,14165;
200107;0000;;;9,90573;
200108;0000;;;6,04259;
200109;0000;;;8,36794;
200110;0000;;;8,42062;
200111;0000;;;6,31036;
200112;0000;;;4,51112;
200113;0000;;;5,04768;
200114;0000;;;4,84396;
200115;0000;;;5,924;
200116;0000;;;5,75138;
200117;0000;;;11,2798;
200118;0000;;;6,6137;
200119;0000;;;4,62235;
200120;0000;;;4,62948;
200121;0000;;;4,19733;
200122;0000;;;7,02378;
200123;0000;;;6,96072;
200124;0000;;;7,20936;
200125;0000;;;7,30159;
200126;0000;;;4,75846;
200127;0000;;;4,95476;
200128;0000;;;4,95622;
200129;0000;;;5,19257;
200130;0000;;;7,30167;
200131;0000;;;5,14132;
200201;0000;;;6,65936;
200202;0000;;;9,28717;
200203;0000;;;10,3474;
200204;0000;;;9,45877;
200205;0000;;;5,77119;
200206;0000;;;6,92901;
200207;0000;;;10,574;
200208;0000;;;8,76463;
200209;0000;;;9,16933;
200210;0000;;;6,38505;
200211;0000;;;5,70642;
200212;0000;;;5,64517;
200213;0000;;;8,31491;
200214;0000;;;8,84998;
200215;0000;;;5,66554;
200216;0000;;;5,03377;
200217;0000;;;5,08095;
200218;0000;;;10,3531;
200219;0000;;;9,42625;
200220;0000;;;7,14632;
200221;0000;;;6,41835;
200222;0000;;;8,84839;
200223;0000;;;12,9981;
200224;0000;;;6,61175;
200225;0000;;;12,687;
200226;0000;;;10,2954;
200227;0000;;;5,15125;
200228;0000;;;4,41158;
200229;0000;;;4,90144;
200301;0000;;;5,60888;
200302;0000;;;4,68871;
200303;0000;;;6,63435;
200304;0000;;;5,68914;
200305;0000;;;9,55402;
200306;0000;;;4,82441;
200307;0000;;;9,28407;
200308;0000;;;6,88715;
200309;0000;;;14,443;
200310;0000;;;7,39729;
200311;0000;;;5,36623;
200312;0000;;;7,08684;
200313;0000;;;9,17621;
200314;0000;;;7,53297;
200315;0000;;;7,40182;
200316;0000;;;4,98935;
200317;0000;;;8,73465;
200318;0000;;;15,5366;
200319;0000;;;5,76577;
200320;0000;;;3,81186;
200321;0000;;;10,3517;
200322;0000;;;10,8806;
200323;0000;;;13,1861;
200324;0000;;;10,2979;
200325;0000;;;12,0975;
200326;0000;;;4,90384;
200327;0000;;;4,89552;
200328;0000;;;5,06105;
200329;0000;;;7,54311;
200330;0000;;;7,86087;
200331;0000;;;10,2525;
200401;0000;;;9,49666;
200402;0000;;;12,9761;
200403;0000;;;10,666;
200404;0000;;;5,94529;
200405;0000;;;11,1398;
200406;0000;;;15,4946;
200407;0000;;;14,6287;
200408;0000;;;13,4024;
200409;0000;;;4,7515;
200410;0000;;;5,06255;
200411;0000;;;7,68574;
200412;0000;;;5,76405;
200413;0000;;;9,65865;
200414;0000;;;17,2108;
200415;0000;;;23,707;
200416;0000;;;16,0981;
200417;0000;;;12,2887;
200418;0000;;;12,0648;
200419;0000;;;13,413;
200420;0000;;;8,95236;
200421;0000;;;12,7896;
200422;0000;;;13,5876;
200423;0000;;;7,64461;
200424;0000;;;11,796;
200425;0000;;;17,7309;
200426;0000;;;18,1911;
200427;0000;;;22,6237;
200428;0000;;;6,96275;
200429;0000;;;18,4231;
200430;0000;;;18,3391;
200501;0000;;;19,3925;
200502;0000;;;9,90672;
200503;0000;;;12,8294;
200504;0000;;;9,10417;
200505;0000;;;12,7229;
200506;0000;;;21,5862;
200507;0000;;;23,3766;
200508;0000;;;12,0578;
200509;0000;;;8,48376;
200510;0000;;;12,7467;
200511;0000;;;14,1005;
200512;0000;;;19,161;
200513;0000;;;20,5499;
200514;0000;;;24,0386;
200515;0000;;;19,9119;
200516;0000;;;7,64349;
200517;0000;;;11,7639;
200518;0000;;;8,14682;
200519;0000;;;11,83;
200520;0000;;;14,6823;
200521;0000;;;12,1047;
200522;0000;;;18,7813;
200523;0000;;;24,3965;
200524;0000;;;20,1562;
200525;0000;;;12,3068;
200526;0000;;;9,30751;
200527;0000;;;11,1096;
200528;0000;;;14,5199;
200529;0000;;;14,9678;
200530;0000;;;20,4286;
200531;0000;;;13,7597;
200601;0000;;;13,373;
200602;0000;;;18,0056;
200603;0000;;;9,62659;
200604;0000;;;19,693;
200605;0000;;;22,02;
200606;0000;;;19,8409;
200607;0000;;;20,3554;
200608;0000;;;19,8635;
200609;0000;;;16,7984;
200610;0000;;;18,0201;
200611;0000;;;17,2281;
200612;0000;;;8,25433;
200613;0000;;;17,5503;
200614;0000;;;19,0922;
200615;0000;;;9,73335;
200616;0000;;;12,5735;
200617;0000;;;9,48149;
200618;0000;;;23,1409;
200619;0000;;;14,0117;
200620;0000;;;10,1042;
200621;0000;;;14,5258;
200622;0000;;;14,8748;
200623;0000;;;13,6048;
200624;0000;;;12,3097;
200625;0000;;;14,7289;
200626;0000;;;17,6225;
200627;0000;;;27,8453;
200628;0000;;;15,4905;
200629;0000;;;8,17294;
200630;0000;;;10,6655;
200701;0000;;;19,8255;
200702;0000;;;12,2712;
200703;0000;;;20,1545;
200704;0000;;;11,1182;
200705;0000;;;7,7567;
200706;0000;;;9,64893;
200707;0000;;;16,2348;
200708;0000;;;13,663;
200709;0000;;;13,9953;
200710;0000;;;13,3681;
200711;0000;;;18,0768;
200712;0000;;;12,5021;
200713;0000;;;21,6418;
200714;0000;;;23,7897;
200715;0000;;;13,7498;
200716;0000;;;15,659;
200717;0000;;;13,0471;
200718;0000;;;8,00401;
200719;0000;;;9,87946;
200720;0000;;;15,4519;
200721;0000;;;11,6488;
200722;0000;;;22,429;
200723;0000;;;23,1483;
200724;0000;;;21,1299;
200725;0000;;;13,5725;
200726;0000;;;13,1271;
200727;0000;;;6,94885;
200728;0000;;;16,3905;
200729;0000;;;18,2827;
200730;0000;;;12,4323;
200731;0000;;;17,7534;
200801;0000;;;17,0247;
200802;0000;;;12,5713;
200803;0000;;;16,287;
200804;0000;;;19,7939;
200805;0000;;;12,2112;
200806;0000;;;7,9427;
200807;0000;;;14,6502;
200808;0000;;;16,9595;
200809;0000;;;8,74518;
200810;0000;;;7,72352;
200811;0000;;;8,88191;
200812;0000;;;15,1138;
200813;0000;;;15,0625;
200814;0000;;;9,00156;
200815;0000;;;10,7603;
200816;0000;;;17,8929;
200817;0000;;;18,2376;
200818;0000;;;13,6459;
200819;0000;;;11,5488;
200820;0000;;;18,9012;
200821;0000;;;17,9329;
200822;0000;;;11,041;
200823;0000;;;6,13122;
200824;0000;;;6,42484;
200825;0000;;;7,83031;
200826;0000;;;9,8279;
200827;0000;;;14,9573;
200828;0000;;;17,8298;
200829;0000;;;12,801;
200830;0000;;;8,56215;
200831;0000;;;16,2202;
200901;0000;;;10,184;
200902;0000;;;8,65402;
200903;0000;;;11,6399;
200904;0000;;;10,9484;
200905;0000;;;9,06477;
200906;0000;;;21,3611;
200907;0000;;;9,12018;
200908;0000;;;8,7505;
200909;0000;;;13,3643;
200910;0000;;;9,11806;
200911;0000;;;7,17661;
200912;0000;;;7,00228;
200913;0000;;;8,26395;
200914;0000;;;11,9461;
200915;0000;;;8,18265;
200916;0000;;;8,4902;
200917;0000;;;15,4158;
200918;0000;;;12,4566;
200919;0000;;;9,69637;
200920;0000;;;9,38655;
200921;0000;;;8,75104;
200922;0000;;;13,896;
200923;0000;;;16,2406;
200924;0000;;;6,52143;
200925;0000;;;7,21241;
200926;0000;;;6,86877;
200927;0000;;;11,7933;
200928;0000;;;10,4421;
200929;0000;;;7,10718;
200930;0000;;;7,69359;
201001;0000;;;11,5323;
201002;0000;;;13,4137;
201003;0000;;;10,3371;
201004;0000;;;6,32981;
201005;0000;;;11,2773;
201006;0000;;;7,69676;
201007;0000;;;11,6929;
201008;0000;;;10,1149;
201009;0000;;;11,6804;
201010;0000;;;7,65041;
201011;0000;;;10,6858;
201012;0000;;;10,1187;
201013;0000;;;7,58688;
201014;0000;;;6,8551;
201015;0000;;;7,18894;
201016;0000;;;6,40463;
201017;0000;;;10,1146;
201018;0000;;;6,91213;
201019;0000;;;11,4522;
201020;0000;;;9,71461;
201021;0000;;;7,17155;
201022;0000;;;10,0503;
201023;0000;;;9,70085;
201024;0000;;;13,7312;
201025;0000;;;5,47642;
201026;0000;;;10,5428;
201027;0000;;;11,147;
201028;0000;;;5,95943;
201029;0000;;;12,0841;
201030;0000;;;9,37411;
201031;0000;;;6,80483;
201101;0000;;;6,19325;
201102;0000;;;8,2581;
201103;0000;;;12,4908;
201104;0000;;;5,58241;
201105;0000;;;8,57637;
201106;0000;;;7,32828;
201107;0000;;;7,5948;
201108;0000;;;6,03525;
201109;0000;;;6,26773;
201110;0000;;;6,53275;
201111;0000;;;5,79457;
201112;0000;;;7,62588;
201113;0000;;;5,36798;
201114;0000;;;6,50127;
201115;0000;;;7,30562;
201116;0000;;;7,60737;
201117;0000;;;6,01012;
201118;0000;;;6,03592;
201119;0000;;;5,79047;
201120;0000;;;8,11313;
201121;0000;;;8,37801;
201122;0000;;;9,96877;
201123;0000;;;8,51558;
201124;0000;;;6,59576;
201125;0000;;;5,72027;
201126;0000;;;8,10692;
201127;0000;;;6,78812;
201128;0000;;;7,82831;
201129;0000;;;7,79847;
201130;0000;;;7,37276;
201201;0000;;;6,57415;
201202;0000;;;6,08983;
201203;0000;;;8,77463;
201204;0000;;;7,41724;
201205;0000;;;6,76936;
201206;0000;;;6,08389;
201207;0000;;;7,48489;
201208;0000;;;7,34991;
201209;0000;;;7,77398;
201210;0000;;;5,68621;
201211;0000;;;6,79753;
201212;0000;;;6,81419;
201213;0000;;;5,53363;
201214;0000;;;5,93428;
201215;0000;;;5,2851;
201216;0000;;;4,69878;
201217;0000;;;4,33171;
201218;0000;;;4,08312;
201219;0000;;;4,9575;
201220;0000;;;6,34419;
201221;0000;;;5,42047;
201222;0000;;;4,48127;
201223;0000;;;4,49617;
201224;0000;;;4,59476;
201225;0000;;;4,92093;
201226;0000;;;5,28845;
201227;0000;;;3,85154;
201228;0000;;;10,5826;
201229;0000;;;4,37622;
201230;0000;;;6,24783;
201231;0000;;;6,40945;
210101;0000;;;3,65576;
210102;0000;;;3,82815;
210103;0000;;;5,34193;
210104;0000;;;5,28555;
210105;0000;;;3,94342;
210106;0000;;;6,02841;
210107;0000;;;5,98914;
210108;0000;;;3,84487;
210109;0000;;;4,66761;
210110;0000;;;5,30874;
210111;0000;;;4,80965;
210112;0000;;;5,89614;
210113;0000;;;7,04587;
210114;0000;;;5,87439;
210115;0000;;;8,76796;
210116;0000;;;7,45616;
210117;0000;;;6,67415;
210118;0000;;;5,51525;
210119;0000;;;4,73157;
210120;0000;;;5,67547;
210121;0000;;;5,99918;
210122;0000;;;4,30013;
210123;0000;;;5,58611;
210124;0000;;;5,14695;
210125;0000;;;5,23901;
210126;0000;;;5,32921;
210127;0000;;;6,39368;
210128;0000;;;7,69994;
210129;0000;;;10,9169;
210130;0000;;;7,82149;
210131;0000;;;5,73465;
210201;0000;;;5,27731;
210202;0000;;;4,6462;
210203;0000;;;6,62172;
210204;0000;;;7,17325;
210205;0000;;;5,88733;
210206;0000;;;5,79517;
210207;0000;;;6,32841;
210208;0000;;;12,3333;
210209;0000;;;8,60098;
210210;0000;;;5,7028;
210211;0000;;;5,29544;
210212;0000;;;5,29247;
210213;0000;;;5,09559;
210214;0000;;;4,68434;
210215;0000;;;5,63435;
210216;0000;;;6,02586;
210217;0000;;;11,3007;
210218;0000;;;13,4964;
210219;0000;;;17,4265;
210220;0000;;;9,45473;
210221;0000;;;7,73935;
210222;0000;;;8,42661;
210223;0000;;;7,76662;
210224;0000;;;7,02695;
210225;0000;;;7,54506;
210226;0000;;;6,76154;
210227;0000;;;6,09753;
210228;0000;;;5,56995;
210301;0000;;;6,69318;
210302;0000;;;6,9655;
210303;0000;;;7,13992;
210304;0000;;;6,09035;
210305;0000;;;6,67942;
210306;0000;;;6,3812;
210307;0000;;;6,38599;
210308;0000;;;6,52152;
210309;0000;;;5,70128;
210310;0000;;;5,46255;
210311;0000;;;8,33096;
210312;0000;;;6,69096;
210313;0000;;;7,48151;
210314;0000;;;4,99698;
210315;0000;;;7,71857;
210316;0000;;;8,82063;
210317;0000;;;6,73596;
210318;0000;;;8,0164;
210319;0000;;;17,4975;
210320;0000;;;11,2444;
210321;0000;;;12,753;
210322;0000;;;10,333;
210323;0000;;;9,84398;
210324;0000;;;10,8118;
210325;0000;;;5,13013;
210326;0000;;;8,04474;
210327;0000;;;10,705;
210328;0000;;;6,82565;
210329;0000;;;5,95901;
210330;0000;;;6,24051;
210331;0000;;;6,9139;
210401;0000;;;7,11704;
210402;0000;;;6,52718;
210403;0000;;;17,1381;
210404;0000;;;8,09167;
210405;0000;;;13,0457;
210406;0000;;;20,5443;
210407;0000;;;12,8788;
210408;0000;;;10,0599;
210409;0000;;;10,822;
210410;0000;;;6,31342;
210411;0000;;;8,29637;
210412;0000;;;15,3577;
210413;0000;;;17,731;
210414;0000;;;6,91273;
210415;0000;;;11,4411;
210416;0000;;;9,30396;
210417;0000;;;7,80148;
210418;0000;;;6,59015;
210419;0000;;;8,48822;
210420;0000;;;8,86914;
210421;0000;;;10,174;
210422;0000;;;12,565;
210423;0000;;;11,3639;
210424;0000;;;12,234;
210425;0000;;;14,2526;
210426;0000;;;21,5712;
210427;0000;;;8,63646;
210428;0000;;;12,2387;
210429;0000;;;10,7424;
210430;0000;;;14,0863;
210501;0000;;;25,9414;
210502;0000;;;21,8102;
210503;0000;;;18,4457;
210504;0000;;;28,5877;
210505;0000;;;19,0616;
210506;0000;;;19,4347;
210507;0000;;;8,29475;
210508;0000;;;15,4454;
210509;0000;;;11,5539;
210510;0000;;;19,5703;
210511;0000;;;30,4748;
210512;0000;;;17,2442;
210513;0000;;;17,4689;
210514;0000;;;14,9256;
210515;0000;;;15,23;
210516;0000;;;17,7068;
210517;0000;;;13,9287;
210518;0000;;;7,77999;
210519;0000;;;10,9312;
210520;0000;;;18,9127;
210521;0000;;;9,91144;
210522;0000;;;9,98471;
210523;0000;;;18,7041;
210524;0000;;;19,3722;
210525;0000;;;23,3557;
210526;0000;;;25,54;
210527;0000;;;20,7538;
210528;0000;;;17,9279;
210529;0000;;;23,9609;
210530;0000;;;18,3372;
210531;0000;;;20,0712;
210601;0000;;;17,5702;
210602;0000;;;16,6147;
210603;0000;;;11,8857;
210604;0000;;;16,0297;
210605;0000;;;17,0232;
210606;0000;;;13,2754;
210607;0000;;;24,1854;
210608;0000;;;22,3905;
210609;0000;;;17,3105;
210610;0000;;;19,1291;
210611;0000;;;27,6908;
210612;0000;;;21,3879;
210613;0000;;;12,7385;
210614;0000;;;19,4856;
210615;0000;;;9,72882;
210616;0000;;;21,1292;
210617;0000;;;17,0243;
210618;0000;;;17,132;
210619;0000;;;13,567;
210620;0000;;;14,2128;
210621;0000;;;23,3278;
210622;0000;;;18,0936;
210623;0000;;;8,80321;
210624;0000;;;14,6176;
210625;0000;;;14,9466;
210626;0000;;;8,44089;
210627;0000;;;21,7823;
210628;0000;;;33,6147;
210629;0000;;;33,1056;
210630;0000;;;26,4968;
210701;0000;;;17,0264;
210702;0000;;;17,1224;
210703;0000;;;28,0573;
210704;0000;;;30,6092;
210705;0000;;;20,4549;
210706;0000;;;10,4899;
210707;0000;;;23,7712;
210708;0000;;;26,0862;
210709;0000;;;20,1412;
210710;0000;;;17,4203;
210711;0000;;;18,4436;
210712;0000;;;17,2543;
210713;0000;;;32,018;
210714;0000;;;28,1226;
210715;0000;;;26,1095;
210716;0000;;;15,8291;
210717;0000;;;18,0884;
210718;0000;;;26,5955;
210719;0000;;;22,9534;
210720;0000;;;26,5412;
210721;0000;;;13,5961;
210722;0000;;;16,8808;
210723;0000;;;16,0525;
210724;0000;;;12,6066;
210725;0000;;;13,4915;
210726;0000;;;14,0445;
210727;0000;;;18,3626;
210728;0000;;;31,9912;
210729;0000;;;23,8959;
210730;0000;;;26,1434;
210731;0000;;;24,2725;
210801;0000;;;34,7727;
210802;0000;;;22,2342;
210803;0000;;;23,324;
210804;0000;;;16,5192;
210805;0000;;;15,8444;
210806;0000;;;17,8552;
210807;0000;;;14,3125;
210808;0000;;;14,7708;
210809;0000;;;18,7677;
210810;0000;;;22,7061;
210811;0000;;;17,0172;
210812;0000;;;15,6994;
210813;0000;;;16,8385;
210814;0000;;;18,3156;
210815;0000;;;12,3279;
210816;0000;;;9,74084;
210817;0000;;;14,3519;
210818;0000;;;10,221;
210819;0000;;;9,7973;
210820;0000;;;13,1154;
210821;0000;;;14,6668;
210822;0000;;;8,97516;
210823;0000;;;12,2186;
210824;0000;;;17,1763;
210825;0000;;;11,5266;
210826;0000;;;11,1107;
210827;0000;;;19,9408;
210828;0000;;;15,0226;
210829;0000;;;12,9411;
210830;0000;;;10,6469;
210831;0000;;;14,738;
210901;0000;;;18,1065;
210902;0000;;;7,75314;
210903;0000;;;8,89191;
210904;0000;;;12,348;
210905;0000;;;13,3011;
210906;0000;;;10,0448;
210907;0000;;;11,1921;
210908;0000;;;;
210909;0000;;;33,6539;
210910;0000;;;9,10739;
210911;0000;;;4,40042;
210912;0000;;;6,80024;
210913;0000;;;;
210914;0000;;;8,71553;
210915;0000;;;15,3714;
210916;0000;;;16,8539;
210917;0000;;;7,30811;
210918;0000;;;6,78785;
210919;0000;;;5,6488;
210920;0000;;;8,93776;
210921;0000;;;7,18151;
210922;0000;;;10,5581;
210923;0000;;;14,902;
210924;0000;;;11,7422;
210925;0000;;;7,1998;
210926;0000;;;12,5813;
210927;0000;;;16,4741;
210928;0000;;;19,8561;
210929;0000;;;11,3185;
210930;0000;;;10,5092;
211001;0000;;;13,2782;
211002;0000;;;5,49072;
211003;0000;;;8,31665;
211004;0000;;;11,6013;
211005;0000;;;14,1394;
211006;0000;;;18,3763;
211007;0000;;;9,94574;
211008;0000;;;10,2326;
211009;0000;;;17,6402;
211010;0000;;;8,16141;
211011;0000;;;10,5733;
211012;0000;;;6,47134;
211013;0000;;;6,0849;
211014;0000;;;6,40915;
211015;0000;;;7,89019;
211016;0000;;;10,1176;
211017;0000;;;10,5268;
211018;0000;;;9,53389;
211019;0000;;;8,3231;
211020;0000;;;7,09027;
211021;0000;;;6,70979;
211022;0000;;;8,80682;
211023;0000;;;7,53199;
211024;0000;;;10,2182;
211025;0000;;;9,46432;
211026;0000;;;6,44794;
211027;0000;;;8,1149;
211028;0000;;;13,0223;
211029;0000;;;8,05904;
211030;0000;;;9,80623;
211031;0000;;;6,44881;
211101;0000;;;6,64977;
211102;0000;;;7,08012;
211103;0000;;;5,69659;
211104;0000;;;5,09724;
211105;0000;;;8,47279;
211106;0000;;;7,78502;
211107;0000;;;6,98481;
211108;0000;;;8,5352;
211109;0000;;;5,51209;
211110;0000;;;7,04493;
211111;0000;;;10,86;
211112;0000;;;13,1059;
211113;0000;;;5,09805;
211114;0000;;;6,77946;
211115;0000;;;11,14;
211116;0000;;;15,0603;
211117;0000;;;8,1497;
211118;0000;;;13,4096;
211119;0000;;;7,75546;
211120;0000;;;6,10163;
211121;0000;;;8,58099;
211122;0000;;;7,59941;
211123;0000;;;6,10234;
211124;0000;;;6,54503;
211125;0000;;;15,5308;
211126;0000;;;5,76894;
211127;0000;;;5,34821;
211128;0000;;;7,04104;
211129;0000;;;6,78532;
211130;0000;;;8,28296;
211201;0000;;;7,24793;
211202;0000;;;11,5788;
211203;0000;;;5,53984;
211204;0000;;;9,10724;
211205;0000;;;5,14772;
211206;0000;;;5,12077;
211207;0000;;;6,35217;
211208;0000;;;9,13382;
211209;0000;;;6,10906;
211210;0000;;;8,62625;
211211;0000;;;6,04926;
211212;0000;;;5,04831;
211213;0000;;;9,93143;
211214;0000;;;7,92439;
211215;0000;;;11,7925;
211216;0000;;;5,84404;
211217;0000;;;6,32888;
211218;0000;;;7,34667;
211219;0000;;;8,16423;
211220;0000;;;5,67253;
211221;0000;;;5,05479;
211222;0000;;;5,29977;
211223;0000;;;5,63151;
211224;0000;;;6,32634;
211225;0000;;;5,22535;
211226;0000;;;5,35213;
211227;0000;;;5,73003;
211228;0000;;;5,17078;
211229;0000;;;7,12215;
211230;0000;;;8,2654;
211231;0000;;;6,14027;
220101;0000;;;7,66965;
220102;0000;;;8,3683;
220103;0000;;;7,91121;
220104;0000;;;7,24448;
220105;0000;;;7,74276;
220106;0000;;;6,00448;
220107;0000;;;7,83586;
220108;0000;;;6,64164;
220109;0000;;;7,39476;
220110;0000;;;12,0324;
220111;0000;;;7,24832;
220112;0000;;;6,81181;
220113;0000;;;6,18075;
220114;0000;;;8,84787;
220115;0000;;;7,76685;
220116;0000;;;5,47446;
220117;0000;;;5,97122;
220118;0000;;;12,2916;
220119;0000;;;11,8153;
220120;0000;;;8,35658;
220121;0000;;;13,5018;
220122;0000;;;9,95741;
220123;0000;;;7,58913;
220124;0000;;;9,29012;
220125;0000;;;9,43169;
220126;0000;;;7,20287;
220127;0000;;;10,6998;
220128;0000;;;7,24512;
220129;0000;;;14,028;
220130;0000;;;9,10654;
220131;0000;;;8,77139;
220201;0000;;;6,29797;
220202;0000;;;14,2533;
220203;0000;;;13,5801;
220204;0000;;;10,8874;
220205;0000;;;13,3243;
220206;0000;;;11,7856;
220207;0000;;;8,52853;
220208;0000;;;7,17794;
220209;0000;;;9,56763;
220210;0000;;;6,12885;
220211;0000;;;8,41173;
220212;0000;;;10,1282;
220213;0000;;;9,21873;
220214;0000;;;12,4368;
220215;0000;;;6,22384;
220216;0000;;;8,30595;
220217;0000;;;8,48808;
220218;0000;;;11,9506;
220219;0000;;;7,94282;
220220;0000;;;7,84124;
220221;0000;;;12,0545;
220222;0000;;;16,63;
220223;0000;;;18,2939;
220224;0000;;;10,8581;
220225;0000;;;13,6743;
220226;0000;;;10,4093;
220227;0000;;;5,43143;
220228;0000;;;6,07156;
220301;0000;;;10,2683;
220302;0000;;;11,8204;
220303;0000;;;12,0681;
220304;0000;;;8,34779;
220305;0000;;;10,0046;
220306;0000;;;8,06876;
220307;0000;;;13,3994;
220308;0000;;;12,7732;
220309;0000;;;18,7938;
220310;0000;;;10,2773;
220311;0000;;;9,69896;
220312;0000;;;11,7658;
220313;0000;;;11,73;
220314;0000;;;8,98817;
220315;0000;;;9,69736;
220316;0000;;;6,82742;
220317;0000;;;7,38447;
220318;0000;;;12,3588;
220319;0000;;;20,1512;
220320;0000;;;10,0688;
220321;0000;;;11,8081;
220322;0000;;;14,5002;
220323;0000;;;8,24805;
220324;0000;;;12,3898;
220325;0000;;;9,94679;
220326;0000;;;7,64951;
220327;0000;;;15,8532;
220328;0000;;;11,779;
220329;0000;;;14,6111;
220330;0000;;;9,75035;
220331;0000;;;12,8471;
220401;0000;;;15,7793;
220402;0000;;;17,828;
220403;0000;;;11,1542;
220404;0000;;;16,6533;
220405;0000;;;15,3697;
220406;0000;;;12,8738;
220407;0000;;;18,8244;
220408;0000;;;14,9784;
220409;0000;;;12,3729;
220410;0000;;;13,54;
220411;0000;;;12,8108;
220412;0000;;;13,2707;
220413;0000;;;14,0754;
220414;0000;;;13,6394;
220415;0000;;;14,8238;
220416;0000;;;20,9746;
220417;0000;;;12,3302;
220418;0000;;;;
220419;0000;;;28,3784;
220420;0000;;;27,9568;
220421;0000;;;27,2114;
220422;0000;;;29,7159;
220423;0000;;;25,1858;
220424;0000;;;17,5254;
220425;0000;;;22,8646;
220426;0000;;;18,4882;
220427;0000;;;26,6614;
220428;0000;;;30,9225;
220429;0000;;;53,0909;
220430;0000;;;51,71;
220501;0000;;;46,4888;
220502;0000;;;56,5189;
220503;0000;;;77,4667;
220504;0000;;;61,5958;
220505;0000;;;66,7644;
220506;0000;;;36,7045;
220507;0000;;;12,4092;
220508;0000;;;12,9435;
220509;0000;;;17,4527;
220510;0000;;;17,4464;
220511;0000;;;13,7707;
220512;0000;;;33,3975;
220513;0000;;;31,6202;
220514;0000;;;28,2267;
220515;0000;;;27,7796;
220516;0000;;;15,0924;
220517;0000;;;13,4074;
220518;0000;;;19,9575;
220519;0000;;;20,7488;
220520;0000;;;20,825;
220521;0000;;;15,0839;
220522;0000;;;17,6566;
220523;0000;;;30,7637;
220524;0000;;;25,5629;
220525;0000;;;21,5157;
220526;0000;;;24,7583;
220527;0000;;;27,2511;
220528;0000;;;28,9661;
220529;0000;;;19,2484;
220530;0000;;;19,8018;
220531;0000;;;16,7793;
220601;0000;;;35,5313;
220602;0000;;;23,2526;
220603;0000;;;20,5092;
220604;0000;;;17,8542;
220605;0000;;;13,4148;
220606;0000;;;20,5237;
220607;0000;;;24,1477;
220608;0000;;;25,773;
220609;0000;;;19,5581;
220610;0000;;;29,6636;
220611;0000;;;25,5287;
220612;0000;;;17,9425;
220613;0000;;;12,6944;
220614;0000;;;14,7597;
220615;0000;;;18,5971;
220616;0000;;;15,2912;
220617;0000;;;18,0762;
220618;0000;;;21,8932;
220619;0000;;;18,9904;
220620;0000;;;19,1875;
220621;0000;;;14,8465;
220622;0000;;;14,7422;
220623;0000;;;9,16844;
220624;0000;;;20,2305;
220625;0000;;;28,2917;
220626;0000;;;18,0861;
220627;0000;;;20,8641;
220628;0000;;;16,8659;
220629;0000;;;16,4931;
220630;0000;;;24,1604;
220701;0000;;;12,7709;
220702;0000;;;13,7151;
220703;0000;;;20,5324;
220704;0000;;;20,3066;
220705;0000;;;23,9687;
220706;0000;;;28,0621;
220707;0000;;;22,5053;
220708;0000;;;15,4642;
220709;0000;;;8,82228;
220710;0000;;;8,89569;
220711;0000;;;15,3659;
220712;0000;;;15,301;
220713;0000;;;18,8872;
220714;0000;;;8,65723;
220715;0000;;;8,89835;
220716;0000;;;10,4981;
220717;0000;;;12,9579;
220718;0000;;;25,4558;
220719;0000;;;31,0881;
220720;0000;;;26,1229;
220721;0000;;;28,1439;
220722;0000;;;21,3264;
220723;0000;;;12,6169;
220724;0000;;;8,59364;
220725;0000;;;6,73866;
220726;0000;;;14,3334;
220727;0000;;;11,2783;
220728;0000;;;15,2315;
220729;0000;;;14,359;
220730;0000;;;8,93448;
220731;0000;;;16,9697;
220801;0000;;;13,7369;
220802;0000;;;11,3053;
220803;0000;;;10,5464;
220804;0000;;;9,07199;
220805;0000;;;10,0309;
220806;0000;;;8,81764;
220807;0000;;;10,2535;
220808;0000;;;12,3827;
220809;0000;;;32,3163;
220810;0000;;;17,7296;
220811;0000;;;13,9219;
220812;0000;;;22,5505;
220813;0000;;;16,8016;
220814;0000;;;17,9625;
220815;0000;;;7,06367;
220816;0000;;;10,5665;
220817;0000;;;6,67486;
220818;0000;;;10,4911;
220819;0000;;;18,849;
220820;0000;;;17,9292;
220821;0000;;;10,8602;
220822;0000;;;8,98021;
220823;0000;;;10,3766;
220824;0000;;;21,136;
220825;0000;;;21,821;
220826;0000;;;13,483;
220827;0000;;;9,7312;
220828;0000;;;17,0469;
220829;0000;;;9,14572;
220830;0000;;;9,13431;
220831;0000;;;9,77487;
220901;0000;;;12,9844;
220902;0000;;;14,8679;
220903;0000;;;12,6228;
220904;0000;;;9,44621;
220905;0000;;;10,26;
220906;0000;;;7,94877;
220907;0000;;;6,15526;
220908;0000;;;8,18246;
220909;0000;;;12,2373;
220910;0000;;;14,4757;
220911;0000;;;7,78297;
220912;0000;;;9,16545;
220913;0000;;;8,84471;
220914;0000;;;12,9215;
220915;0000;;;10,351;
220916;0000;;;7,5343;
220917;0000;;;9,91113;
220918;0000;;;5,70267;
220919;0000;;;7,88939;
220920;0000;;;8,14294;
220921;0000;;;9,23088;
220922;0000;;;10,0184;
220923;0000;;;11,9374;
220924;0000;;;5,81382;
220925;0000;;;7,47037;
220926;0000;;;9,84389;
220927;0000;;;9,84956;
220928;0000;;;7,05866;
220929;0000;;;7,27529;
220930;0000;;;8,56172;
221001;0000;;;6,08116;
221002;0000;;;6,0754;
221003;0000;;;6,57994;
221004;0000;;;10,6477;
221005;0000;;;9,38066;
221006;0000;;;8,49287;
221007;0000;;;9,89984;
221008;0000;;;8,17105;
221009;0000;;;9,17017;
221010;0000;;;7,06541;
221011;0000;;;6,13653;
221012;0000;;;8,40598;
221013;0000;;;9,96834;
221014;0000;;;11,7487;
221015;0000;;;6,4986;
221016;0000;;;6,25995;
221017;0000;;;6,47314;
221018;0000;;;9,03745;
221019;0000;;;13,5074;
221020;0000;;;12,0456;
221021;0000;;;9,68283;
221022;0000;;;9,64378;
221023;0000;;;6,08775;
221024;0000;;;12,7661;
221025;0000;;;10,8064;
221026;0000;;;7,70785;
221027;0000;;;7,94138;
221028;0000;;;9,85469;
221029;0000;;;9,38911;
221030;0000;;;4,67473;
221031;0000;;;12,3751;
221101;0000;;;9,98508;
221102;0000;;;7,86655;
221103;0000;;;5,86654;
221104;0000;;;5,33615;
221105;0000;;;6,6628;
221106;0000;;;8,04907;
221107;0000;;;6,43462;
221108;0000;;;5,35062;
221109;0000;;;9,21982;
221110;0000;;;10,9799;
221111;0000;;;8,00735;
221112;0000;;;8,1221;
221113;0000;;;8,20035;
221114;0000;;;8,7394;
221115;0000;;;9,03064;
221116;0000;;;5,48832;
221117;0000;;;5,9164;
221118;0000;;;5,25814;
221119;0000;;;5,00293;
221120;0000;;;5,76803;
221121;0000;;;9,75638;
221122;0000;;;6,06439;
221123;0000;;;5,17479;
221124;0000;;;5,38496;
221125;0000;;;5,06178;
221126;0000;;;5,0652;
221127;0000;;;4,52912;
221128;0000;;;4,67444;
221129;0000;;;4,47569;
221130;0000;;;4,30315;
221201;0000;;;5,53506;
221202;0000;;;5,64997;
221203;0000;;;5,81521;
221204;0000;;;6,95546;
221205;0000;;;6,94418;
221206;0000;;;10,801;
221207;0000;;;7,06933;
221208;0000;;;11,1584;
221209;0000;;;6,00016;
221210;0000;;;6,68147;
221211;0000;;;5,92017;
221212;0000;;;4,9243;
221213;0000;;;7,38779;
221214;0000;;;5,1119;
221215;0000;;;9,14238;
221216;0000;;;6,07359;
221217;0000;;;6,05725;
221218;0000;;;7,81931;
221219;0000;;;6,64108;
221220;0000;;;8,93623;
221221;0000;;;16,7701;
221222;0000;;;10,7081;
221223;0000;;;4,5486;
221224;0000;;;8,02975;
221225;0000;;;8,88683;
221226;0000;;;7,69629;
221227;0000;;;9,50035;
221228;0000;;;5,59227;
221229;0000;;;8,38782;
221230;0000;;;5,66327;
221231;0000;;;8,42715;
230101;0000;;;8,64877;
230102;0000;;;5,83758;
230103;0000;;;6,69315;
230104;0000;;;4,76402;
230105;0000;;;5,50265;
230106;0000;;;12,5537;
230107;0000;;;6,64742;
230108;0000;;;5,79411;
230109;0000;;;5,20156;
230110;0000;;;7,51937;
230111;0000;;;7,68478;
230112;0000;;;7,31454;
230113;0000;;;7,64701;
230114;0000;;;5,23464;
230115;0000;;;6,82804;
230116;0000;;;4,28684;
230117;0000;;;6,71593;
230118;0000;;;6,14375;
230119;0000;;;4,74204;
230120;0000;;;4,62228;
230121;0000;;;8,40941;
230122;0000;;;4,57122;
230123;0000;;;6,56703;
230124;0000;;;6,7113;
230125;0000;;;5,76369;
230126;0000;;;7,11591;
230127;0000;;;8,89667;
230128;0000;;;6,77455;
230129;0000;;;5,35436;
230130;0000;;;5,31131;
230131;0000;;;4,90147;
230201;0000;;;5,66529;
230202;0000;;;7,86318;
230203;0000;;;7,92349;
230204;0000;;;7,58975;
230205;0000;;;9,80698;
230206;0000;;;9,76726;
230207;0000;;;5,12786;
230208;0000;;;6,02169;
230209;0000;;;8,77081;
230210;0000;;;10,7879;
230211;0000;;;7,72457;
230212;0000;;;10,0966;
230213;0000;;;7,93813;
230214;0000;;;8,43326;
230215;0000;;;8,30576;
230216;0000;;;5,7972;
230217;0000;;;6,72266;
230218;0000;;;9,68709;
230219;0000;;;6,07748;
230220;0000;;;6,57105;
230221;0000;;;7,37262;
230222;0000;;;11,7597;
230223;0000;;;7,78442;
230224;0000;;;6,2092;
230225;0000;;;7,06303;
230226;0000;;;10,9993;
230227;0000;;;8,66411;
230228;0000;;;9,50703;
230301;0000;;;7,40163;
230302;0000;;;8,61998;
230303;0000;;;5,96951;
230304;0000;;;6,91383;
230305;0000;;;6,60506;
230306;0000;;;10,0634;
230307;0000;;;6,61607;
230308;0000;;;12,4122;
230309;0000;;;13,8147;
230310;0000;;;5,79884;
230311;0000;;;7,8406;
230312;0000;;;15,2822;
230313;0000;;;10,0606;
230314;0000;;;7,56424;
230315;0000;;;18,109;
230316;0000;;;12,9069;
230317;0000;;;14,9342;
230318;0000;;;12,4153;
230319;0000;;;9,50816;
230320;0000;;;5,79224;
230321;0000;;;14,109;
230322;0000;;;15,2826;
230323;0000;;;13,9066;
230324;0000;;;12,9497;
230325;0000;;;16,8058;
230326;0000;;;6,5134;
230327;0000;;;5,89435;
230328;0000;;;8,37878;
230329;0000;;;8,72267;
230330;0000;;;9,43854;
230331;0000;;;14,6379;
230401;0000;;;13,5632;
230402;0000;;;14,8276;
230403;0000;;;9,78311;
230404;0000;;;9,1275;
230405;0000;;;10,4943;
230406;0000;;;21,0588;
230407;0000;;;8,8157;
230408;0000;;;11,9374;
230409;0000;;;11,2351;
230410;0000;;;12,6129;
230411;0000;;;17,4164;
230412;0000;;;8,14601;
230413;0000;;;9,18709;
230414;0000;;;11,2628;
230415;0000;;;10,7861;
230416;0000;;;6,21901;
230417;0000;;;10,2061;
230418;0000;;;16,1598;
230419;0000;;;18,2005;
230420;0000;;;9,77072;
230421;0000;;;13,3789;
230422;0000;;;15,2779;
230423;0000;;;6,88759;
230424;0000;;;11,6312;
230425;0000;;;9,67316;
230426;0000;;;15,1464;
230427;0000;;;11,2189;
230428;0000;;;10,1267;
230429;0000;;;7,02441;
230430;0000;;;6,00544;
230501;0000;;;9,34998;
230502;0000;;;17,1904;
230503;0000;;;27,2505;
230504;0000;;;16,8875;
230505;0000;;;23,4201;
230506;0000;;;17,55;
230507;0000;;;18,7969;
230508;0000;;;23,9486;
230509;0000;;;23,3853;
230510;0000;;;25,1733;
230511;0000;;;18,3149;
230512;0000;;;16,9573;
230513;0000;;;11,6164;
230514;0000;;;12,8857;
230515;0000;;;19,1197;
230516;0000;;;23,1148;
230517;0000;;;12,9551;
230518;0000;;;18,7411;
230519;0000;;;15,9659;
230520;0000;;;12,9796;
230521;0000;;;8,82147;
230522;0000;;;13,3043;
230523;0000;;;17,3063;
230524;0000;;;14,1826;
230525;0000;;;19,3239;
230526;0000;;;13,0401;
230527;0000;;;14,2256;
230528;0000;;;18,6883;
230529;0000;;;16,2145;
230530;0000;;;21,3628;
230531;0000;;;21,7856;
230601;0000;;;13,9018;
230602;0000;;;14,891;
230603;0000;;;12,3066;
230604;0000;;;12,8013;
230605;0000;;;17,7611;
230606;0000;;;19,0973;
230607;0000;;;16,2251;
230608;0000;;;12,2698;
230609;0000;;;8,92999;
230610;0000;;;6,90306;
230611;0000;;;10,4786;
230612;0000;;;18,4938;
230613;0000;;;27,299;
230614;0000;;;38,2186;
230615;0000;;;24,2595;
230616;0000;;;26,398;
230617;0000;;;25,0004;
230618;0000;;;16,6882;
230619;0000;;;20,9016;
230620;0000;;;24,2595;
230621;0000;;;29,4096;
230622;0000;;;19,217;
230623;0000;;;15,7761;
230624;0000;;;14,7464;
230625;0000;;;15,1732;
230626;0000;;;10,2308;
230627;0000;;;16,4819;
230628;0000;;;21,2031;
230629;0000;;;29,8075;
230630;0000;;;32,5271;
230701;0000;;;18,8777;
230702;0000;;;14,3654;
230703;0000;;;19,036;
230704;0000;;;16,1966;
230705;0000;;;16,6514;
230706;0000;;;16,808;
230707;0000;;;16,1671;
230708;0000;;;18,4208;
230709;0000;;;12,3464;
230710;0000;;;19,0146;
230711;0000;;;14,6545;
230712;0000;;;12,65;
230713;0000;;;18,6373;
230714;0000;;;24,223;
230715;0000;;;17,3325;
230716;0000;;;15,9886;
230717;0000;;;21,9075;
230718;0000;;;36,9545;
230719;0000;;;18,6777;
230720;0000;;;12,9185;
230721;0000;;;8,1442;
230722;0000;;;5,882;
230723;0000;;;8,55524;
230724;0000;;;16,9449;
230725;0000;;;18,1199;
230726;0000;;;16,7596;
230727;0000;;;15,7916;
230728;0000;;;21,0705;
230729;0000;;;18,464;
230730;0000;;;11,2237;
230731;0000;;;11,9343;
230801;0000;;;12,052;
230802;0000;;;15,1824;
230803;0000;;;17,5714;
230804;0000;;;16,9951;
230805;0000;;;10,9278;
230806;0000;;;12,2829;
230807;0000;;;21,0637;
230808;0000;;;16,1837;
230809;0000;;;13,7576;
230810;0000;;;8,6134;
230811;0000;;;7,69482;
230812;0000;;;11,2232;
230813;0000;;;13,8157;
230814;0000;;;17,6988;
230815;0000;;;9,76196;
230816;0000;;;13,9868;
230817;0000;;;12,9758;
230818;0000;;;10,5622;
230819;0000;;;15,2719;
230820;0000;;;19,5069;
230821;0000;;;9,70238;
230822;0000;;;4,88544;
230823;0000;;;9,01089;
230824;0000;;;8,6721;
230825;0000;;;7,23781;
230826;0000;;;10,8318;
230827;0000;;;18,5966;
230828;0000;;;13,6246;
230829;0000;;;17,7343;
230830;0000;;;7,42598;
230831;0000;;;10,8302;
230901;0000;;;15,4651;
230902;0000;;;17,4698;
230903;0000;;;14,6496;
230904;0000;;;18,5485;
230905;0000;;;12,9057;
230906;0000;;;21,6436;
230907;0000;;;9,21349;
230908;0000;;;10,4088;
230909;0000;;;12,7375;
230910;0000;;;13,5735;
230911;0000;;;7,25153;
230912;0000;;;7,00499;
230913;0000;;;11,1931;
230914;0000;;;10,4541;
230915;0000;;;12,6379;
230916;0000;;;10,8963;
230917;0000;;;7,47974;
230918;0000;;;9,13814;
230919;0000;;;12,7118;
230920;0000;;;7,68994;
230921;0000;;;15,5787;
230922;0000;;;9,7475;
230923;0000;;;6,94382;
230924;0000;;;6,1831;
230925;0000;;;11,4958;
230926;0000;;;7,23295;
230927;0000;;;10,7927;
230928;0000;;;10,4324;
230929;0000;;;10,1033;
230930;0000;;;11,1103;
231001;0000;;;6,34968;
231002;0000;;;8,0569;
231003;0000;;;10,2797;
231004;0000;;;9,62068;
231005;0000;;;10,5136;
231006;0000;;;9,35564;
231007;0000;;;10,6358;
231008;0000;;;10,4326;
231009;0000;;;8,63066;
231010;0000;;;6,14133;
231011;0000;;;8,09654;
231012;0000;;;15,2138;
231013;0000;;;13,354;
231014;0000;;;12,6815;
231015;0000;;;11,95;
231016;0000;;;15,3087;
231017;0000;;;15,5626;
231018;0000;;;8,02365;
231019;0000;;;12,1354;
231020;0000;;;8,22302;
231021;0000;;;7,93777;
231022;0000;;;9,72096;
231023;0000;;;5,4274;
231024;0000;;;6,23487;
231025;0000;;;6,96675;
231026;0000;;;7,75294;
231027;0000;;;11,4004;
231028;0000;;;9,43401;
231029;0000;;;8,47719;
231030;0000;;;6,94518;
231031;0000;;;9,84302;
231101;0000;;;7,08659;
231102;0000;;;12,1821;
231103;0000;;;11,0864;
231104;0000;;;6,39659;
231105;0000;;;7,59081;
231106;0000;;;14,5803;
231107;0000;;;6,5624;
231108;0000;;;7,07436;
231109;0000;;;8,18112;
231110;0000;;;10,2607;
231111;0000;;;7,65602;
231112;0000;;;5,52682;
231113;0000;;;7,85042;
231114;0000;;;9,78021;
231115;0000;;;7,62406;
231116;0000;;;9,98866;
231117;0000;;;9,48141;
231118;0000;;;13,8057;
231119;0000;;;8,81631;
231120;0000;;;7,19435;
231121;0000;;;8,82893;
231122;0000;;;7,49955;
231123;0000;;;10,519;
231124;0000;;;8,07339;
231125;0000;;;6,07314;
231126;0000;;;5,95737;
231127;0000;;;6,25393;
231128;0000;;;5,22089;
231129;0000;;;7,75034;
231130;0000;;;6,7194;
231201;0000;;;5,75548;
231202;0000;;;6,85188;
231203;0000;;;7,95449;
231204;0000;;;7,97969;
231205;0000;;;5,95945;
231206;0000;;;7,67185;
231207;0000;;;6,71294;
231208;0000;;;5,76627;
231209;0000;;;10,1692;
231210;0000;;;13,0463;
231211;0000;;;6,96622;
231212;0000;;;10,3589;
231213;0000;;;8,56915;
231214;0000;;;8,4547;
231215;0000;;;11,0751;
231216;0000;;;11,8492;
231217;0000;;;6,48177;
231218;0000;;;8,53407;
231219;0000;;;7,24228;
231220;0000;;;7,85506;
231221;0000;;;8,69763;
231222;0000;;;6,57441;
231223;0000;;;5,62901;
231224;0000;;;5,5621;
231225;0000;;;10,0997;
231226;0000;;;8,13641;
231227;0000;;;7,63839;
231228;0000;;;9,1235;
231229;0000;;;10,3343;
231230;0000;;;8,1756;
231231;0000;;;12,158;
240101;0000;;;8,3019;
240102;0000;;;7,99789;
240103;0000;;;5,65649;
240104;0000;;;5,30905;
240105;0000;;;5,51981;
240106;0000;;;6,7689;
240107;0000;;;6,10665;
240108;0000;;;7,72144;
240109;0000;;;7,39304;
240110;0000;;;10,5555;
240111;0000;;;7,82062;
240112;0000;;;5,86645;
240113;0000;;;5,17586;
240114;0000;;;10,3349;
240115;0000;;;6,07266;
240116;0000;;;6,18117;
240117;0000;;;6,50418;
240118;0000;;;6,49895;
240119;0000;;;8,40631;
240120;0000;;;6,3584;
240121;0000;;;4,73559;
240122;0000;;;5,11858;
240123;0000;;;5,28701;
240124;0000;;;6,7784;
240125;0000;;;6,08307;
240126;0000;;;5,91652;
240127;0000;;;6,93478;
240128;0000;;;14,9572;
240129;0000;;;6,85257;
240130;0000;;;7,40331;
240131;0000;;;8,30008;
240201;0000;;;7,17582;
240202;0000;;;9,04877;
240203;0000;;;5,45162;
240204;0000;;;4,28474;
240205;0000;;;4,70619;
240206;0000;;;6,70414;
240207;0000;;;5,82349;
240208;0000;;;4,51983;
240209;0000;;;6,64034;
240210;0000;;;11,8864;
240211;0000;;;4,53522;
240212;0000;;;12,6796;
240213;0000;;;;
240214;0000;;;4,90312;
240215;0000;;;4,32292;
240216;0000;;;5,71114;
240217;0000;;;9,2681;
240218;0000;;;6,28725;
240219;0000;;;5,93967;
240220;0000;;;4,93626;
240221;0000;;;7,52805;
240222;0000;;;6,54305;
240223;0000;;;11,2677;
240224;0000;;;6,1594;
240225;0000;;;6,74483;
240226;0000;;;5,74181;
240227;0000;;;8,41524;
240228;0000;;;9,74585;
240229;0000;;;13,0642;
240301;0000;;;7,12479;
240302;0000;;;11,2423;
240303;0000;;;10,8727;
240304;0000;;;10,7937;
240305;0000;;;6,18849;
240306;0000;;;5,42058;
240307;0000;;;11,0485;
240308;0000;;;6,87518;
240309;0000;;;11,1031;
240310;0000;;;7,57571;
240311;0000;;;6,06748;
240312;0000;;;11,2526;
240313;0000;;;6,3087;
240314;0000;;;10,2344;
240315;0000;;;8,57123;
240316;0000;;;11,3269;
240317;0000;;;9,73177;
240318;0000;;;12,4828;
240319;0000;;;8,98598;
240320;0000;;;7,31078;
240321;0000;;;15,1655;
240322;0000;;;15,8127;
240323;0000;;;10,0484;
240324;0000;;;10,8005;
240325;0000;;;4,86516;
240326;0000;;;6,4124;
240327;0000;;;8,02808;
240328;0000;;;6,67447;
240329;0000;;;10,1272;
240330;0000;;;11,3941;
240331;0000;;;8,66428;
240401;0000;;;12,9118;
240402;0000;;;14,3283;
240403;0000;;;10,2627;
240404;0000;;;9,15962;
240405;0000;;;10,2527;
240406;0000;;;8,99063;
240407;0000;;;9,72435;
240408;0000;;;10,6187;
240409;0000;;;14,3988;
240410;0000;;;19,9872;
240411;0000;;;11,3585;
240412;0000;;;23,7152;
240413;0000;;;20,7571;
240414;0000;;;21,412;
240415;0000;;;14,5583;
240416;0000;;;14,8243;
240417;0000;;;23,5334;
240418;0000;;;14,1322;
240419;0000;;;11,108;
240420;0000;;;10,5093;
240421;0000;;;9,6068;
240422;0000;;;8,78577;
240423;0000;;;18,1755;
240424;0000;;;18,922;
240425;0000;;;19,5668;
240426;0000;;;9,15068;
240427;0000;;;6,12714;
240428;0000;;;10,7323;
240429;0000;;;13,298;
240430;0000;;;9,56235;
240501;0000;;;6,8189;
240502;0000;;;13,0316;
240503;0000;;;24,0142;
240504;0000;;;19,3886;
240505;0000;;;16,7812;
240506;0000;;;17,3104;
240507;0000;;;11,08;
240508;0000;;;11,1254;
240509;0000;;;17,5915;
240510;0000;;;21,1454;
240511;0000;;;13,9062;
240512;0000;;;13,457;
240513;0000;;;13,5745;
240514;0000;;;21,2907;
240515;0000;;;23,813;
240516;0000;;;19,0819;
240517;0000;;;21,3608;
240518;0000;;;22,0945;
240519;0000;;;17,3943;
240520;0000;;;23,0876;
240521;0000;;;9,7139;
240522;0000;;;15,4308;
240523;0000;;;11,8896;
240524;0000;;;25,844;
240525;0000;;;14,0101;
240526;0000;;;17,2083;
240527;0000;;;20,1946;
240528;0000;;;25,4771;
240529;0000;;;26,0482;
240530;0000;;;25,0692;
240531;0000;;;15,642;
240601;0000;;;26,3329;
240602;0000;;;20,0441;
240603;0000;;;12,8324;
240604;0000;;;23,6939;
240605;0000;;;17,1997;
240606;0000;;;21,3356;
240607;0000;;;29,7715;
240608;0000;;;7,10586;
240609;0000;;;8,34131;
240610;0000;;;19,0881;
240611;0000;;;22,4345;
240612;0000;;;5,53576;
240613;0000;;;3,90763;
240614;0000;;;6,75591;
240615;0000;;;11,497;
240616;0000;;;11,853;
240617;0000;;;12,1023;
240618;0000;;;7,22412;
240619;0000;;;16,4147;
240620;0000;;;18,3062;
240621;0000;;;5,38952;
240622;0000;;;10,2491;
240623;0000;;;7,12234;
240624;0000;;;9,45132;
240625;0000;;;11,797;
240626;0000;;;19,119;
240627;0000;;;17,5975;
240628;0000;;;14,246;
240629;0000;;;27,2785;
240630;0000;;;23,3524;
240701;0000;;;26,0367;
240702;0000;;;20,9666;
240703;0000;;;13,7281;
240704;0000;;;12,7396;
240705;0000;;;22,4798;
240706;0000;;;16,5865;
240707;0000;;;15,6632;
240708;0000;;;18,8859;
240709;0000;;;17,7575;
240710;0000;;;12,7672;
240711;0000;;;16,1427;
240712;0000;;;28,4267;
240713;0000;;;20,3676;
240714;0000;;;20,5527;
240715;0000;;;22,2808;
240716;0000;;;22,7122;
240717;0000;;;17,92;
240718;0000;;;15,3148;
240719;0000;;;10,255;
240720;0000;;;14,5058;
240721;0000;;;16,7794;
240722;0000;;;23,0092;
240723;0000;;;15,4654;
240724;0000;;;21,2271;
240725;0000;;;19,5418;
240726;0000;;;15,4652;
240727;0000;;;12,9166;
240728;0000;;;12,3192;
240729;0000;;;16,4713;
240730;0000;;;11,8301;
240731;0000;;;5,90005;
240801;0000;;;3,91393;
240802;0000;;;4,94071;
240803;0000;;;6,34461;
240804;0000;;;7,87442;
240805;0000;;;7,93808;
240806;0000;;;6,62367;
240807;0000;;;9,97557;
240808;0000;;;11,3204;
240809;0000;;;16,9463;
240810;0000;;;10,6856;
240811;0000;;;12,6703;
240812;0000;;;13,1059;
240813;0000;;;11,1117;
240814;0000;;;6,83957;
240815;0000;;;9,25169;
240816;0000;;;6,96132;
240817;0000;;;7,68364;
240818;0000;;;11,2199;
240819;0000;;;8,13858;
240820;0000;;;6,94111;
240821;0000;;;11,0157;
240822;0000;;;13,0095;
240823;0000;;;12,1233;
240824;0000;;;13,1172;
240825;0000;;;9,93138;
240826;0000;;;10,1759;
240827;0000;;;12,044;
240828;0000;;;5,86459;
240829;0000;;;11,2558;
240830;0000;;;11,88;
240831;0000;;;13,8389;
240901;0000;;;11,4072;
240902;0000;;;6,44079;
240903;0000;;;6,54619;
240904;0000;;;9,29189;
240905;0000;;;11,9432;
240906;0000;;;6,93515;
240907;0000;;;5,22821;
240908;0000;;;8,55994;
240909;0000;;;10,754;
240910;0000;;;10,9946;
240911;0000;;;8,37682;
240912;0000;;;7,59122;
240913;0000;;;7,8522;
240914;0000;;;9,67123;
240915;0000;;;10,4183;
240916;0000;;;12,4173;
240917;0000;;;7,64497;
240918;0000;;;11,4654;
240919;0000;;;6,58013;
240920;0000;;;9,53226;
240921;0000;;;9,14568;
240922;0000;;;11,3922;
240923;0000;;;6,45501;
240924;0000;;;7,02498;
240925;0000;;;8,66296;
240926;0000;;;13,2433;
240927;0000;;;13,8493;
240928;0000;;;12,9363;
240929;0000;;;5,95857;
240930;0000;;;6,79266;
241001;0000;;;7,49687;
241002;0000;;;9,13354;
241003;0000;;;11,0951;
241004;0000;;;7,99541;
241005;0000;;;8,01022;
241006;0000;;;6,56051;
241007;0000;;;7,48655;
241008;0000;;;7,07242;
241009;0000;;;7,48466;
241010;0000;;;4,95609;
241011;0000;;;4,35767;
241012;0000;;;9,15042;
241013;0000;;;8,72644;
241014;0000;;;7,80345;
241015;0000;;;7,93048;
241016;0000;;;6,55265;
241017;0000;;;7,91754;
241018;0000;;;6,92487;
241019;0000;;;4,78378;
241020;0000;;;6,26108;
241021;0000;;;7,01099;
241022;0000;;;7,24952;
241023;0000;;;7,74753;
241024;0000;;;6,62468;
241025;0000;;;5,51409;
241026;0000;;;7,44071;
241027;0000;;;6,83749;
241028;0000;;;6,74546;
241029;0000;;;5,83554;
241030;0000;;;4,82052;
241031;0000;;;4,07659;
241101;0000;;;5,10985;
241102;0000;;;5,56425;
241103;0000;;;6,18454;
241104;0000;;;6,12416;
241105;0000;;;6,28246;
241106;0000;;;6,49711;
241107;0000;;;8,56789;
241108;0000;;;8,20052;
241109;0000;;;7,75211;
241110;0000;;;4,77761;
241111;0000;;;5,38985;
241112;0000;;;8,04616;
241113;0000;;;5,69418;
241114;0000;;;5,22969;
241115;0000;;;5,48686;
241116;0000;;;5,20226;
241117;0000;;;5,26909;
241118;0000;;;4,84655;
241119;0000;;;5,32704;
241120;0000;;;6,41003;
241121;0000;;;6,53046;
241122;0000;;;6,54673;
241123;0000;;;6,87787;
241124;0000;;;6,11224;
241125;0000;;;6,12285;
241126;0000;;;5,90323;
241127;0000;;;6,7167;
241128;0000;;;5,93865;
241129;0000;;;6,87956;
241130;0000;;;6,16887;
241201;0000;;;5,18314;
241202;0000;;;7,02746;
241203;0000;;;9,21187;
241204;0000;;;10,0281;
241205;0000;;;6,72738;
241206;0000;;;9,21811;
241207;0000;;;6,20932;
241208;0000;;;6,72237;
241209;0000;;;7,17565;
241210;0000;;;5,45805;
241211;0000;;;6,65454;
241212;0000;;;5,9832;
241213;0000;;;7,12084;
241214;0000;;;5,75966;
241215;0000;;;4,81026;
241216;0000;;;7,29011;
241217;0000;;;7,05911;
241218;0000;;;4,93088;
241219;0000;;;11,6941;
241220;0000;;;8,15163;
241221;0000;;;8,74667;
241222;0000;;;5,72093;
241223;0000;;;5,79918;
241224;0000;;;5,69194;
241225;0000;;;4,58719;
241226;0000;;;5,67956;
241227;0000;;;9,23492;
241228;0000;;;7,99799;
241229;0000;;;5,87113;
241230;0000;;;5,88553;
241231;0000;;;8,51973;
250101;0000;;;5,39047;
250102;0000;;;5,72584;
250103;0000;;;6,22062;
250104;0000;;;8,97922;
250105;0000;;;9,12988;
250106;0000;;;8,4384;
250107;0000;;;8,28966;
250108;0000;;;8,01701;
250109;0000;;;10,8694;
250110;0000;;;10,243;
250111;0000;;;10,1318;
250112;0000;;;7,83501;
250113;0000;;;8,56421;
250114;0000;;;8,49883;
250115;0000;;;9,89192;
250116;0000;;;9,1882;
250117;0000;;;9,73096;
250118;0000;;;10,6354;
250119;0000;;;11,2476;
250120;0000;;;11,3452;
250121;0000;;;15,0129;
250122;0000;;;10,2305;
250123;0000;;;13,4006;
250124;0000;;;10,7983;
250125;0000;;;9,60544;
250126;0000;;;9,07538;
250127;0000;;;11,4962;
250128;0000;;;10,6719;
250129;0000;;;10,7806;
250130;0000;;;11,0903;
250131;0000;;;15,53;
250201;0000;;;9,27515;
250202;0000;;;10,5385;
250203;0000;;;11,1718;
250204;0000;;;10,0196;
250205;0000;;;13,5335;
250206;0000;;;10,4613;
250207;0000;;;10,7448;
250208;0000;;;10,8288;
250209;0000;;;11,5846;
250210;0000;;;11,264;
250211;0000;;;10,6464;
250212;0000;;;12,0396;
250213;0000;;;12,237;
250214;0000;;;10,2193;
250215;0000;;;4,16872;
250216;0000;;;3,74219;
250217;0000;;;6,1615;
250218;0000;;;5,11153;
250219;0000;;;6,15434;
250220;0000;;;11,2747;
250221;0000;;;12,2566;
250222;0000;;;13,8436;
250223;0000;;;13,7728;
250224;0000;;;11,8808;
250225;0000;;;;
250226;0000;;;11,0213;
250227;0000;;;9,87685;
250228;0000;;;13,556;
250301;0000;;;11,5669;
250302;0000;;;11,6956;
250303;0000;;;14,5168;
250304;0000;;;13,2652;
250305;0000;;;11,64;
250306;0000;;;10,8961;
250307;0000;;;14,2894;
250308;0000;;;11,9615;
250309;0000;;;12,6991;
250310;0000;;;15,8582;
250311;0000;;;14,3678;
250312;0000;;;12,6468;
250313;0000;;;10,5346;
250314;0000;;;10,1409;
250315;0000;;;10,42;
250316;0000;;;12,2705;
250317;0000;;;13,1454;
250318;0000;;;13,1141;
250319;0000;;;10,095;
250320;0000;;;9,24147;
250321;0000;;;11,8262;
250322;0000;;;11,1442;
250323;0000;;;9,70699;
250324;0000;;;10,732;
250325;0000;;;16,8038;
250326;0000;;;14,1605;
250327;0000;;;14,2718;
250328;0000;;;13,6203;
250329;0000;;;14,4846;
250330;0000;;;13,9954;
250331;0000;;;12,1372;
250401;0000;;;16,4893;
250402;0000;;;19,2942;
250403;0000;;;19,0266;
250404;0000;;;14,8704;
250405;0000;;;13,8832;
250406;0000;;;16,2429;
250407;0000;;;19,3132;
250408;0000;;;12,5597;
250409;0000;;;11,2002;
250410;0000;;;14,5205;
250411;0000;;;10,0603;
250412;0000;;;18,7445;
250413;0000;;;13,9401;
250414;0000;;;14,7748;
250415;0000;;;16,4995;
250416;0000;;;20,7444;
250417;0000;;;22,5637;
250418;0000;;;20,2583;
250419;0000;;;17,8823;
250420;0000;;;16,127;
250421;0000;;;17,7134;
250422;0000;;;18,2341;
250423;0000;;;15,4014;
250424;0000;;;16,1074;
250425;0000;;;16,2227;
250426;0000;;;18,1151;
250427;0000;;;15,6928;
250428;0000;;;18,3318;
250429;0000;;;15,9694;
250430;0000;;;18,0737;
250501;0000;;;15,272;
250502;0000;;;19,6364;
250503;0000;;;19,0112;
250504;0000;;;20,0803;
250505;0000;;;15,3173;
250506;0000;;;19,4637;
250507;0000;;;20,7749;
250508;0000;;;18,0319;
250509;0000;;;19,3407;
250510;0000;;;22,0435;
250511;0000;;;14,8688;
250512;0000;;;15,1464;
250513;0000;;;17,8391;
250514;0000;;;18,9505;
250515;0000;;;22,9496;
250516;0000;;;18,3954;
250517;0000;;;23,5648;
250518;0000;;;18,3452;
250519;0000;;;18,5975;
250520;0000;;;23,3277;
250521;0000;;;19,5568;
250522;0000;;;16,8091;
250523;0000;;;;
250524;0000;;;29,9099;
250525;0000;;;16,7117;
250526;0000;;;18,0129;
250527;0000;;;11,9575;
250528;0000;;;20,9136;
250529;0000;;;27,6194;
250530;0000;;;18,5203;
250531;0000;;;17,7469;
250601;0000;;;16,5611;
250602;0000;;;28,4117;
250603;0000;;;25,7983;
250604;0000;;;24,1402;
250605;0000;;;28,432;
250606;0000;;;22,8741;
250607;0000;;;16,451;
250608;0000;;;26,0492;
250609;0000;;;29,048;
250610;0000;;;23,882;
250611;0000;;;12,6264;
250612;0000;;;15,6751;
250613;0000;;;16,4039;
250614;0000;;;21,9686;
250615;0000;;;12,6077;
250616;0000;;;15,8327;
250617;0000;;;20,4938;
250618;0000;;;20,3942;
250619;0000;;;32,8248;
250620;0000;;;22,1662;
250621;0000;;;17,0982;
250622;0000;;;13,1548;
250623;0000;;;13,3191;
250624;0000;;;20,4346;
250625;0000;;;18,6068;
250626;0000;;;23,6767;
250627;0000;;;19,7778;
250628;0000;;;19,2235;
250629;0000;;;14,4262;
250630;0000;;;23,6267;
250701;0000;;;28,5995;
250702;0000;;;32,261;
250703;0000;;;32,3213;
250704;0000;;;19,1373;
250705;0000;;;12,6192;
250706;0000;;;16,0432;
250707;0000;;;18,5245;
250708;0000;;;17,2451;
250709;0000;;;17,5861;
250710;0000;;;18,5367;
250711;0000;;;26,5582;
250712;0000;;;18,2191;
250713;0000;;;14,3639;
250714;0000;;;16,8573;
250715;0000;;;17,4878;
250716;0000;;;14,1566;
250717;0000;;;22,7793;
250718;0000;;;20,638;
250719;0000;;;22,0128;
250720;0000;;;21,7102;
250721;0000;;;18,0722;
250722;0000;;;20,7292;
250723;0000;;;15,9194;
250724;0000;;;15,7735;
250725;0000;;;17,7293;
250726;0000;;;15,5207;
250727;0000;;;13,5574;
250728;0000;;;22,0133;
250729;0000;;;22,2897;
250730;0000;;;10,0388;
250731;0000;;;8,98468;
250801;0000;;;8,36391;
250802;0000;;;11,4422;
250803;0000;;;16,9902;
250804;0000;;;28,7952;
250805;0000;;;29,4535;
250806;0000;;;17,746;
250807;0000;;;15,8878;
250808;0000;;;16,1877;
250809;0000;;;11,529;
250810;0000;;;14,1925;
250811;0000;;;18,8539;
250812;0000;;;16,8386;
250813;0000;;;20,0103;
250814;0000;;;12,1258;
250815;0000;;;9,07904;
250816;0000;;;18,4558;
250817;0000;;;12,845;
250818;0000;;;12,4812;
250819;0000;;;14,6393;
250820;0000;;;13,3511;
250821;0000;;;8,95627;
250822;0000;;;14,1966;
250823;0000;;;11,0048;
250824;0000;;;12,3776;
250825;0000;;;15,0068;
250826;0000;;;16,3958;
250827;0000;;;12,8649;
250828;0000;;;10,2023;
250829;0000;;;12,9649;
250830;0000;;;12,4509;
250831;0000;;;14,4828;
250901;0000;;;15,4404;
250902;0000;;;9,98218;
250903;0000;;;11,8621;
250904;0000;;;17,7279;
250905;0000;;;16,0881;
250906;0000;;;9,923;
250907;0000;;;10,5666;
250908;0000;;;13,035;
250909;0000;;;15,0099;
250910;0000;;;13,6898;
250911;0000;;;18,2184;
250912;0000;;;14,5569;
250913;0000;;;12,3199;
250914;0000;;;13,8793;
250915;0000;;;14,9496;
250916;0000;;;14,2606;
250917;0000;;;11,4984;
250918;0000;;;14,4187;
250919;0000;;;17,6001;
250920;0000;;;10,4216;
250921;0000;;;10,5288;
250922;0000;;;11,4365;
250923;0000;;;14,0735;
250924;0000;;;17,3123;
250925;0000;;;12,2701;
250926;0000;;;12,7694;
250927;0000;;;11,3484;
250928;0000;;;12,2513;
250929;0000;;;11,1195;
250930;0000;;;14,5383;
251001;0000;;;13,7484;
251002;0000;;;12,8874;
251003;0000;;;11,1266;
251004;0000;;;10,5444;
251005;0000;;;9,30516;
251006;0000;;;9,27783;
251007;0000;;;11,6182;
251008;0000;;;11,5615;
251009;0000;;;14,109;
251010;0000;;;14,4793;
251011;0000;;;9,05481;
251012;0000;;;12,7262;
251013;0000;;;11,6209;
251014;0000;;;10,8666;
251015;0000;;;10,0369;
251016;0000;;;13,5942;
251017;0000;;;13,2213;
251018;0000;;;11,7012;
251019;0000;;;10,8119;
251020;0000;;;11,1042;
251021;0000;;;11,4476;
251022;0000;;;13,5569;
251023;0000;;;11,1343;
251024;0000;;;12,4831;
251025;0000;;;10,0983;
251026;0000;;;10,7905;
251027;0000;;;10,4569;
251028;0000;;;11,3541;
251029;0000;;;11,4227;
251030;0000;;;14,3192;
251031;0000;;;11,1371;
251101;0000;;;12,4145;
251102;0000;;;10,8435;
251103;0000;;;10,7147;
251104;0000;;;14,3098;
251105;0000;;;12,4387;
251106;0000;;;20,486;
251107;0000;;;28,7659;
251108;0000;;;30,3208;
251109;0000;;;33,2077;
251110;0000;;;30,6436;
251111;0000;;;25,695;
251112;0000;;;32,7222;
251113;0000;;;26,4925;
251114;0000;;;13,4875;
251115;0000;;;6,41399;
251116;0000;;;7,93435;
251117;0000;;;9,94411;
251118;0000;;;10,0988;
251119;0000;;;11,4173;
251120;0000;;;9,49715;
251121;0000;;;12,7685;
251122;0000;;;8,25357;
251123;0000;;;9,58731;
251124;0000;;;7,74526;
251125;0000;;;7,42169;
251126;0000;;;9,82187;
251127;0000;;;12,0373;
251128;0000;;;14,9883;
251129;0000;;;13,104;
251130;0000;;;10,1;
251201;0000;;;10,8601;
251202;0000;;;10,0565;
251203;0000;;;11,0519;
251204;0000;;;9,38029;
