fecha,TEMP
2019-01-01,15.181063829787234
2019-01-02,15.647671994440584
2019-01-03,15.16275191104934
2019-01-04,14.474287699791521
2019-01-05,16.05295343988881
2019-01-06,16.187908269631688
2019-01-07,16.48700486448923
2019-01-08,16.806254343293954
2019-01-09,15.85079916608756
2019-01-10,15.233425990271021
2019-01-11,15.9591382904795
2019-01-12,15.801459346768588
2019-01-13,17.390340514246006
2019-01-14,17.029117442668518
2019-01-15,15.854829742876998
2019-01-16,16.442767732962448
2019-01-17,15.411674774148715
2019-01-18,16.529534398888117
2019-01-19,17.759972202918693
2019-01-20,16.500764419735926
2019-01-21,16.525017373175817
2019-01-22,16.456706045865186
2019-01-23,16.786932599724896
2019-01-24,16.713412921348315
2019-01-25,16.637873523280057
2019-01-26,17.138985406532314
2019-01-27,17.29798471160528
2019-01-28,16.012578179291175
2019-01-29,17.218554551772066
2019-01-30,16.33092425295344
2019-01-31,17.501459346768588
2019-02-01,17.134930555555556
2019-02-02,17.657053509381516
2019-02-03,17.336622654621266
2019-02-04,17.539124391938845
2019-02-05,17.74885337039611
2019-02-06,18.051841556636553
2019-02-07,17.55515818431912
2019-02-08,17.58893409275834
2019-02-11,17.237043245055315
2019-02-12,17.002432244614315
2019-02-13,18.061640027797083
2019-02-14,16.753787352328004
2019-02-15,18.55330090340514
2019-02-16,18.986309937456568
2019-02-17,16.604656011118834
2019-02-18,17.519457956914525
2019-02-19,18.02967338429465
2019-02-20,18.49708130646282
2019-02-21,19.259902710215428
2019-02-22,17.88318276580959
2019-02-23,17.881792911744267
2019-02-24,16.629325920778317
2019-02-25,15.144753300903405
2019-02-26,14.632314107018763
2019-02-27,15.395691452397498
2019-02-28,15.873036831132731
2019-03-01,14.328194444444444
2019-03-02,17.530993745656705
2019-03-03,16.660180681028493
2019-03-04,14.81195274496178
2019-03-05,15.737943015983321
2019-03-06,15.348227936066714
2019-03-07,14.439819318971509
2019-03-08,16.354343293954134
2019-03-09,16.11813759555247
2019-03-10,16.926129256428077
2019-03-11,15.718554551772064
2019-03-12,14.280681028492008
2019-03-13,15.608269631688673
2019-03-14,15.74739402362752
2019-03-15,14.968589298123698
2019-03-16,14.638637943015983
2019-03-17,14.559068797776234
2019-03-18,13.886935371785963
2019-03-19,13.666990965948575
2019-03-20,12.063377345378735
2019-03-21,12.451494093120223
2019-03-22,12.68735232800556
2019-03-23,14.007142857142856
2019-03-25,13.8139549055454
2019-03-26,12.7125
2019-03-27,13.69763724808895
2019-03-28,14.933078526754691
2019-03-29,14.754899235580265
2019-03-30,13.681584433634468
2019-03-31,15.672202918693538
2019-04-01,13.777847222222222
2019-04-02,14.870604586518416
2019-04-03,15.605898876404494
2019-04-04,15.797661623108665
2019-04-05,14.073120567375886
2019-04-06,13.960528144544822
2019-04-07,13.624484181568087
2019-04-08,14.929705056179776
2019-04-09,14.621595598349382
2019-04-10,13.739115168539326
2019-04-11,14.146768589298123
2019-04-12,13.876302988186241
2019-04-13,14.574565670604587
2019-04-14,11.885892981236971
2019-04-15,12.113134120917303
2019-04-16,11.236205698401667
2019-04-17,11.37213342599027
2019-04-18,13.694440583738707
2019-04-19,13.8045170257123
2019-04-20,14.830159833217513
2019-04-21,10.896594857539958
2019-04-22,11.112022237665045
2019-04-23,12.91535788742182
2019-04-24,12.394718554551773
2019-04-25,11.931132731063238
2019-04-26,11.233564975677554
2019-04-27,11.490201528839473
2019-04-28,11.692286309937456
2019-04-29,14.219179986101459
2019-04-30,11.993398193189716
2019-05-01,10.942361111111111
2019-05-02,12.642599027102154
2019-05-03,12.844544822793607
2019-05-04,13.92063933287005
2019-05-05,14.348227936066714
2019-05-06,13.509451007644197
2019-05-07,13.404100069492703
2019-05-08,12.289437109103543
2019-05-09,13.118207088255733
2019-05-10,10.059346768589299
2019-05-11,9.481236970118138
2019-05-12,10.105559416261293
2019-05-13,10.594440583738708
2019-05-14,13.39457956914524
2019-05-15,12.249756775538568
2019-05-16,13.765253648366922
2019-05-17,12.39673384294649
2019-05-18,13.57178596247394
2019-05-19,10.390340514246004
2019-05-20,9.408895066018069
2019-05-21,7.247185545517721
2019-05-22,7.497984711605281
2019-05-23,7.977067407922168
2019-05-24,8.921195274496178
2019-05-25,12.364489228630994
2019-05-26,14.164975677553857
2019-05-27,9.83002084781098
2019-05-28,10.263724808895066
2019-05-29,13.671924947880473
2019-05-30,15.271368421052632
2019-05-31,14.519457956914524
2019-06-01,11.625277777777777
2019-06-02,11.828908964558721
2019-06-03,10.007366226546212
2019-06-04,11.70090340514246
2019-06-05,11.995205003474636
2019-06-06,14.284086170952051
2019-06-07,12.286101459346769
2019-06-08,9.05969423210563
2019-06-09,8.149687282835302
2019-06-10,9.131758165392634
2019-06-11,10.748505906879778
2019-06-12,13.407505211952746
2019-06-13,12.482209867963864
2019-06-14,10.209589993050729
2019-06-15,9.305003474635164
2019-06-16,9.284711605281446
2019-06-17,7.281843191196699
2019-06-18,9.24232105628909
2019-06-19,9.856150104239054
2019-06-20,9.84503127171647
2019-06-21,13.125225851285615
2019-06-22,9.09874913134121
2019-06-23,10.165791341376863
2019-06-24,11.449409312022238
2019-06-25,7.808185053380783
2019-06-26,8.513797035347777
2019-06-27,10.029027777777777
2019-06-28,12.334791666666666
2019-06-29,12.506944444444445
2019-06-30,9.549722222222222
2019-07-01,6.985149201943095
2019-07-02,7.119652777777778
2019-07-03,7.628888888888889
2019-07-04,8.746875
2019-07-05,7.970625
2019-07-06,11.948958333333334
2019-07-07,13.537777777777778
2019-07-08,11.011319444444444
2019-07-09,10.479375
2019-07-10,8.839027777777778
2019-07-11,10.110625
2019-07-12,10.745625
2019-07-13,9.883194444444445
2019-07-14,8.195972222222222
2019-07-15,8.636969696969697
2019-07-16,10.133910256410257
2019-07-17,10.247777777777777
2019-07-18,9.408125
2019-07-19,8.626041666666667
2019-07-20,8.821666666666667
2019-07-21,11.120625
2019-07-22,7.816736111111111
2019-07-23,6.697222222222222
2019-07-24,6.599861111111111
2019-07-25,7.829097222222222
2019-07-26,7.657708333333333
2019-07-27,8.325902777777777
2019-07-28,9.705
2019-07-29,11.535277777777777
2019-07-30,11.92
2019-07-31,11.07638888888889
2019-08-01,11.637682165163081
2019-08-02,11.127083333333333
2019-08-03,8.534791666666667
2019-08-04,8.820902777777778
2019-08-05,11.945416666666667
2019-08-06,11.045069444444444
2019-08-07,10.668333333333333
2019-08-08,6.585069444444445
2019-08-09,6.265347222222222
2019-08-10,7.709583333333334
2019-08-11,9.624652777777778
2019-08-12,8.932152777777778
2019-08-13,8.697777777777778
2019-08-14,11.604444444444445
2019-08-15,12.61923611111111
2019-08-16,11.668819444444445
2019-08-17,11.054305555555555
2019-08-18,9.146527777777777
2019-08-19,9.748402777777779
2019-08-20,9.642777777777777
2019-08-21,10.896944444444445
2019-08-22,10.744027777777777
2019-08-23,10.346319444444445
2019-08-24,11.161319444444445
2019-08-25,11.56638888888889
2019-08-26,12.245972222222223
2019-08-27,14.26763888888889
2019-08-28,12.248819444444445
2019-08-29,12.355694444444444
2019-08-30,9.815555555555555
2019-08-31,9.210694444444444
2019-09-01,8.90555170020819
2019-09-02,8.036111111111111
2019-09-03,7.952361111111111
2019-09-04,10.930069444444445
2019-09-05,13.127152777777779
2019-09-06,12.065486111111111
2019-09-07,12.586597222222222
2019-09-08,11.765069444444444
2019-09-09,12.777013888888888
2019-09-10,11.720416666666667
2019-09-11,10.639166666666666
2019-09-12,10.536111111111111
2019-09-13,12.835138888888888
2019-09-14,13.535069444444444
2019-09-15,11.382361111111111
2019-09-16,11.363333333333333
2019-09-17,11.797916666666667
2019-09-18,9.150416666666667
2019-09-19,11.278263888888889
2019-09-20,10.131736111111111
2019-09-21,9.744583333333333
2019-09-22,12.255833333333333
2019-09-23,12.526597222222222
2019-09-24,12.186319444444445
2019-09-25,11.666805555555555
2019-09-26,12.562291666666667
2019-09-27,14.141180555555556
2019-09-28,10.258958333333334
2019-09-29,11.813263888888889
2019-09-30,12.931875
2019-10-01,10.931922276197085
2019-10-02,9.014097222222222
2019-10-03,10.134791666666667
2019-10-04,10.084583333333333
2019-10-05,9.969791666666667
2019-10-06,11.29673611111111
2019-10-07,13.167569444444444
2019-10-08,14.215020862308762
2019-10-09,14.882708333333333
2019-10-10,12.789513888888889
2019-10-11,12.816944444444445
2019-10-12,13.382361111111111
2019-10-13,12.975625
2019-10-14,14.377847222222222
2019-10-15,14.541944444444445
2019-10-16,11.681527777777777
2019-10-17,13.681597222222223
2019-10-18,12.174305555555556
2019-10-19,12.753263888888888
2019-10-20,14.190416666666668
2019-10-21,12.817569444444445
2019-10-22,12.705277777777777
2019-10-23,12.099166666666667
2019-10-24,13.826319444444444
2019-10-25,11.855555555555556
2019-10-26,13.705
2019-10-27,13.771180555555556
2019-10-28,14.485694444444444
2019-10-29,11.994583333333333
2019-10-30,13.677152777777778
2019-10-31,12.586597222222222
2019-11-01,12.787439278278972
2019-11-02,13.579375
2019-11-03,13.689583333333333
2019-11-04,14.19326388888889
2019-11-05,12.690555555555555
2019-11-06,13.296111111111111
2019-11-07,13.754583333333333
2019-11-08,14.155416666666667
2019-11-09,14.27736111111111
2019-11-10,14.585
2019-11-11,15.302430555555556
2019-11-12,14.882222222222222
2019-11-13,15.283194444444444
2019-11-14,15.742708333333333
2019-11-15,15.8075
2019-11-16,15.494097222222223
2019-11-17,14.102361111111112
2019-11-18,15.034027777777778
2019-11-19,16.038680555555555
2019-11-20,14.873819444444445
2019-11-21,15.667708333333334
2019-11-22,15.804652777777777
2019-11-23,15.728958333333333
2019-11-24,15.174027777777777
2019-11-25,16.143958333333334
2019-11-26,13.956597222222221
2019-11-27,13.722708333333333
2019-11-28,14.021527777777777
2019-11-29,14.166597222222222
2019-11-30,14.700208333333334
2019-12-01,14.924219292158224
2019-12-02,14.806875
2019-12-03,14.704236111111111
2019-12-04,13.675902777777777
2019-12-05,13.681180555555555
2019-12-06,14.882916666666667
2019-12-07,14.625347222222222
2019-12-08,15.518541666666666
2019-12-09,15.424444444444445
2019-12-10,14.780069444444445
2019-12-11,15.19111111111111
2019-12-12,15.815555555555555
2019-12-13,15.462569444444444
2019-12-14,15.097777777777777
2019-12-15,15.036111111111111
2019-12-16,14.680972222222222
2019-12-17,15.270277777777778
2019-12-18,14.342847222222222
2019-12-19,14.815625
2019-12-20,15.428472222222222
2019-12-21,15.576319444444444
2019-12-22,15.059513888888889
2019-12-23,15.911458333333334
2019-12-24,15.517986111111112
2019-12-25,15.282638888888888
2019-12-26,14.745555555555555
2019-12-27,15.56673611111111
2019-12-28,15.192361111111111
2019-12-29,15.618680555555555
2019-12-30,14.954236111111111
2019-12-31,16.110416666666666
2020-01-01,15.80027758501041
2020-01-02,15.044930555555556
2020-01-03,16.322916666666668
2020-01-04,16.21986111111111
2020-01-05,16.222986111111112
2020-01-06,16.60826388888889
2020-01-07,15.992708333333333
2020-01-08,16.741041666666668
2020-01-09,15.626875
2020-01-10,15.717152777777777
2020-01-11,16.131666666666668
2020-01-12,16.643402777777776
2020-01-13,16.10902777777778
2020-01-14,15.357847222222222
2020-01-15,16.24
2020-01-16,15.312986111111112
2020-01-17,15.769097222222221
2020-01-18,16.860208333333333
2020-01-19,17.631597222222222
2020-01-20,17.579930555555556
2020-01-21,16.608333333333334
2020-01-22,17.583541666666665
2020-01-23,18.18625
2020-01-24,17.91548611111111
2020-01-25,18.297847222222224
2020-01-26,18.961111111111112
2020-01-27,18.854027777777777
2020-01-28,17.92076388888889
2020-01-29,18.00263888888889
2020-01-30,17.349930555555556
2020-01-31,17.489652777777778
2020-02-01,17.541984732824428
2020-02-02,17.758263888888887
2020-02-03,16.55236111111111
2020-02-04,17.25027777777778
2020-02-05,16.43673611111111
2020-02-06,14.29
2020-02-07,15.297638888888889
2020-02-08,17.027013888888888
2020-02-09,17.610902777777778
2020-02-10,17.090902777777778
2020-02-11,17.428958333333334
2020-02-12,17.91326388888889
2020-02-13,16.75638888888889
2020-02-14,15.464305555555555
2020-02-15,15.883472222222222
2020-02-16,15.778958333333334
2020-02-17,16.73875
2020-02-18,15.657916666666667
2020-02-19,15.80861111111111
2020-02-20,16.102916666666665
2020-02-21,16.88277777777778
2020-02-22,16.67388888888889
2020-02-23,15.601666666666667
2020-02-24,15.556319444444444
2020-02-25,15.204652777777778
2020-02-26,15.884444444444444
2020-02-27,16.396094459582198
2020-02-28,16.371108343711082
2020-03-01,16.951845906902086
2020-03-02,16.419652777777777
2020-03-03,16.206319444444443
2020-03-04,16.826805555555556
2020-03-05,16.343263888888888
2020-03-06,18.26902777777778
2020-03-07,16.274930555555557
2020-03-08,17.136458333333334
2020-03-09,16.564027777777778
2020-03-10,17.439583333333335
2020-03-11,17.925486111111113
2020-03-12,17.223819444444445
2020-03-13,16.768680555555555
2020-03-14,16.995694444444446
2020-03-15,15.524722222222222
2020-03-16,16.35861111111111
2020-03-17,15.875486111111112
2020-03-18,14.744583333333333
2020-03-19,15.55236111111111
2020-03-20,15.834652777777778
2020-03-21,16.751041666666666
2020-03-22,16.76763888888889
2020-03-23,15.321388888888889
2020-03-24,14.234791666666666
2020-03-25,16.384027777777778
2020-03-26,16.294791666666665
2020-03-27,16.549652777777776
2020-03-28,17.12986111111111
2020-03-29,15.077569444444444
2020-03-30,15.085902777777777
2020-03-31,14.217361111111112
2020-04-01,13.905274115197779
2020-04-02,13.398333333333333
2020-04-03,14.656875
2020-04-04,13.894583333333333
2020-04-05,14.471041666666666
2020-04-06,12.876597222222221
2020-04-07,12.988194444444444
2020-04-08,13.771805555555556
2020-04-09,15.570416666666667
2020-04-10,15.273125
2020-04-11,14.867708333333333
2020-04-12,14.328611111111112
2020-04-13,13.777222222222223
2020-04-14,12.219930555555555
2020-04-15,14.028055555555556
2020-04-16,13.473680555555555
2020-04-17,12.349166666666667
2020-04-18,13.823055555555555
2020-04-19,15.545763888888889
2020-04-20,14.805138888888889
2020-04-21,14.065069444444445
2020-04-22,16.314583333333335
2020-04-23,16.361319444444444
2020-04-24,16.52486111111111
2020-04-25,15.157152777777778
2020-04-26,14.434166666666666
2020-04-27,14.306527777777777
2020-04-28,15.027708333333333
2020-04-29,12.316597222222223
2020-04-30,11.674121863799282
2020-05-01,10.854823039555864
2020-05-02,13.96888888888889
2020-05-03,13.62513888888889
2020-05-04,14.683472222222223
2020-05-05,13.352291666666666
2020-05-06,12.012569444444445
2020-05-07,11.444236111111111
2020-05-08,14.312986111111112
2020-05-09,13.69375
2020-05-10,13.295
2020-05-11,11.545486111111112
2020-05-12,9.856458333333334
2020-05-13,9.42388888888889
2020-05-14,9.89638888888889
2020-05-15,12.632105628908965
2020-05-16,14.226875
2020-05-17,12.84201388888889
2020-05-18,13.582708333333333
2020-05-19,14.017291666666667
2020-05-20,13.136944444444444
2020-05-21,10.32798611111111
2020-05-22,9.2125
2020-05-23,9.234861111111112
2020-05-24,11.117222222222223
2020-05-25,12.684097222222222
2020-05-26,14.23263888888889
2020-05-27,14.334596491228071
2020-05-28,14.464791666666667
2020-05-29,11.935069444444444
2020-05-30,10.510833333333334
2020-05-31,11.104930555555555
2020-06-01,11.25176960444136
2020-06-02,9.394305555555556
2020-06-03,12.034375
2020-06-04,9.062847222222222
2020-06-05,8.005208333333334
2020-06-06,9.799791666666668
2020-06-07,7.494722222222222
2020-06-08,9.058666666666667
2020-06-09,9.432028985507246
2020-06-10,8.259933333333333
2020-06-11,8.325208333333334
2020-06-12,12.95828178694158
2020-06-13,9.874652777777778
2020-06-14,8.674513888888889
2020-06-15,13.766944444444444
2020-06-16,13.359027777777778
2020-06-17,12.889375
2020-06-18,10.6625
2020-06-19,13.3975
2020-06-20,13.712152777777778
2020-06-21,11.778819444444444
2020-06-22,12.113125
2020-06-23,12.353819444444445
2020-06-24,12.121736111111112
2020-06-25,8.398055555555555
2020-06-26,10.648070175438596
2020-06-27,9.324027777777777
2020-06-28,12.074930555555556
2020-06-29,13.564930555555556
2020-06-30,10.636111111111111
2020-07-01,13.198265093684942
2020-07-02,11.319097222222222
2020-07-03,11.473055555555556
2020-07-04,11.055555555555555
2020-07-05,11.284305555555555
2020-07-06,11.004027777777777
2020-07-07,11.22
2020-07-08,12.692152777777778
2020-07-09,9.908472222222223
2020-07-10,10.961388888888889
2020-07-11,10.291805555555555
2020-07-12,10.170972222222222
2020-07-13,10.860694444444444
2020-07-14,10.79360824742268
2020-07-15,11.115929824561404
2020-07-16,11.247222222222222
2020-07-17,11.438144329896907
2020-07-18,12.810456140350878
2020-07-19,13.399652777777778
2020-07-20,12.932083333333333
2020-07-21,13.126944444444444
2020-07-22,8.856875
2020-07-23,8.199931271477663
2020-07-24,7.611458333333333
2020-07-25,8.608958333333334
2020-07-26,10.818541666666667
2020-07-27,13.037708333333333
2020-07-28,8.73236111111111
2020-07-29,8.113888888888889
2020-07-30,11.765333333333333
2020-07-31,10.489375
2020-08-01,12.469604441360167
2020-08-02,9.071805555555555
2020-08-03,11.420555555555556
2020-08-04,11.298472222222221
2020-08-05,12.905208333333333
2020-08-06,12.585902777777777
2020-08-07,9.579513888888888
2020-08-08,9.660694444444445
2020-08-09,12.301041666666666
2020-08-10,10.467560137457045
2020-08-11,9.724350877192983
2020-08-12,6.845292096219931
2020-08-13,6.629684210526316
2020-08-14,9.763819444444444
2020-08-15,9.082152777777777
2020-08-16,7.338402777777778
2020-08-17,7.2600694444444445
2020-08-18,8.831666666666667
2020-08-19,10.067152777777778
2020-08-20,8.100347222222222
2020-08-21,6.922611683848797
2020-08-22,9.906319444444444
2020-08-23,12.970456140350878
2020-08-24,13.59576388888889
2020-08-25,12.145416666666666
2020-08-26,12.502361111111112
2020-08-27,8.628819444444444
2020-08-28,9.779791666666666
2020-08-29,10.76013888888889
2020-08-30,9.129305555555556
2020-08-31,9.604791666666667
2020-09-01,12.34793956043956
2020-09-02,10.71382456140351
2020-09-03,9.634652777777777
2020-09-04,11.204791666666667
2020-09-05,12.247847222222223
2020-09-06,9.480277777777777
2020-09-07,11.371736111111112
2020-09-08,12.234444444444444
2020-09-09,11.775
2020-09-10,12.242291666666667
2020-09-11,12.249027777777778
2020-09-12,10.523055555555555
2020-09-13,9.974583333333333
2020-09-14,9.911458333333334
2020-09-15,11.777291666666667
2020-09-16,12.074914089347079
2020-09-17,12.30076388888889
2020-09-18,12.346527777777778
2020-09-19,10.80263888888889
2020-09-20,12.614930555555555
2020-09-21,12.129375
2020-09-22,11.709333333333333
2020-09-23,10.868247422680412
2020-09-24,12.191929824561404
2020-09-25,11.619097222222223
2020-09-26,11.740555555555556
2020-09-27,9.914513888888889
2020-09-28,10.053888888888888
2020-09-29,12.413951890034364
2020-09-30,9.35178947368421
2020-10-01,9.987578070784178
2020-10-02,9.185360824742268
2020-10-03,8.981263157894738
2020-10-04,9.783611111111112
2020-10-05,9.723711340206185
2020-10-06,11.914526315789473
2020-10-07,10.43828178694158
2020-10-08,10.392912280701754
2020-10-09,11.237113402061857
2020-10-10,13.538526315789474
2020-10-11,12.223819444444445
2020-10-12,11.728819444444445
2020-10-13,12.203092783505154
2020-10-14,13.417361111111111
2020-10-15,12.578456140350877
2020-10-16,13.073333333333334
2020-10-17,12.543888888888889
2020-10-18,12.808402777777777
2020-10-19,11.160416666666666
2020-10-20,12.240763888888889
2020-10-21,12.1325
2020-10-22,11.472083333333334
2020-10-23,11.829027777777778
2020-10-24,10.182569444444445
2020-10-25,13.457083333333333
2020-10-26,11.942222222222222
2020-10-27,10.63486111111111
2020-10-28,12.960347222222222
2020-10-29,11.381875
2020-10-30,11.792222222222222
2020-10-31,12.787430555555556
2020-11-01,12.726509368494101
2020-11-02,12.281458333333333
2020-11-03,12.73573883161512
2020-11-04,13.499236111111111
2020-11-05,12.565
2020-11-06,12.743055555555555
2020-11-07,12.188611111111111
2020-11-08,13.931859649122806
2020-11-09,12.476494845360826
2020-11-10,13.403402777777778
2020-11-11,13.322291666666667
2020-11-12,13.187708333333333
2020-11-13,13.73076388888889
2020-11-14,14.376666666666667
2020-11-15,13.364652777777778
2020-11-16,13.060555555555556
2020-11-17,14.003958333333333
2020-11-18,14.536805555555556
2020-11-19,13.503125
2020-11-20,15.210555555555555
2020-11-21,13.39826388888889
2020-11-22,14.044210526315789
2020-11-23,14.52951388888889
2020-11-24,14.485486111111111
2020-11-25,15.23423611111111
2020-11-26,14.137222222222222
2020-11-27,13.887430555555556
2020-11-28,13.437291666666667
2020-11-29,13.701649484536082
2020-11-30,14.132350877192982
2020-12-01,13.701665510062456
2020-12-02,13.973472222222222
2020-12-03,13.46486111111111
2020-12-04,13.596527777777778
2020-12-05,13.917708333333334
2020-12-06,13.62298611111111
2020-12-07,13.737638888888888
2020-12-08,13.362847222222221
2020-12-09,14.459375
2020-12-10,14.168888888888889
2020-12-11,14.620902777777777
2020-12-12,13.802777777777777
2020-12-13,15.7846735395189
2020-12-14,14.541944444444445
2020-12-15,13.69880701754386
2020-12-16,14.19888888888889
2020-12-17,14.385486111111112
2020-12-18,15.620416666666667
2020-12-19,13.622777777777777
2020-12-20,13.735555555555555
2020-12-21,14.987847222222221
2020-12-22,15.035902777777778
2020-12-23,15.631944444444445
2020-12-24,15.173539518900343
2020-12-25,15.741263157894737
2020-12-26,16.40652777777778
2020-12-27,16.70824742268041
2020-12-28,16.683263888888888
2020-12-29,16.841458333333332
2020-12-30,16.20877192982456
2020-12-31,15.872777777777777
2021-01-01,16.51318528799445
2021-01-02,16.422430555555554
2021-01-03,16.651319444444443
2021-01-04,16.56451388888889
2021-01-05,15.13888888888889
2021-01-06,15.653125
2021-01-07,16.032049518569462
2021-01-08,16.139027777777777
2021-01-09,16.071180555555557
2021-01-10,14.60388888888889
2021-01-11,15.489375
2021-01-12,14.793402777777779
2021-01-13,14.226458333333333
2021-01-14,13.395694444444445
2021-01-15,14.408888888888889
2021-01-16,14.363888888888889
2021-01-17,14.307222222222222
2021-01-18,15.719375
2021-01-19,16.222569444444446
2021-01-20,16.637569444444445
2021-01-21,16.700625
2021-01-22,16.81972222222222
2021-01-23,17.650277777777777
2021-01-24,17.204722222222223
2021-01-25,16.808958333333333
2021-01-26,16.98701388888889
2021-01-27,16.279652777777777
2021-01-28,16.133958333333332
2021-01-29,15.983402777777778
2021-01-30,18.200555555555557
2021-01-31,18.52423611111111
2021-02-01,16.917487855655793
2021-02-02,16.190833333333334
2021-02-03,15.941041666666667
2021-02-04,15.93201388888889
2021-02-05,16.67888888888889
2021-02-06,17.235277777777778
2021-02-07,17.81888888888889
2021-02-08,15.881666666666666
2021-02-09,15.849583333333333
2021-02-10,17.347430555555555
2021-02-11,17.94861111111111
2021-02-12,18.397916666666667
2021-02-13,17.895555555555557
2021-02-14,16.853125
2021-02-15,17.01215277777778
2021-02-16,17.015416666666667
2021-02-17,15.192916666666667
2021-02-18,14.921666666666667
2021-02-19,15.161458333333334
2021-02-20,15.430972222222222
2021-02-21,16.157430555555557
2021-02-22,14.604375
2021-02-23,15.118680555555555
2021-02-24,15.856805555555555
2021-02-25,16.0075
2021-02-26,15.978819444444444
2021-02-27,15.667291666666667
2021-02-28,15.042569444444444
2021-03-01,15.733448993754337
2021-03-02,17.078194444444446
2021-03-03,16.199236111111112
2021-03-04,15.915
2021-03-05,16.666319444444444
2021-03-06,16.7075
2021-03-07,15.913958333333333
2021-03-08,16.05701388888889
2021-03-09,16.613125
2021-03-10,15.546458333333334
2021-03-11,15.137430555555556
2021-03-12,16.25576388888889
2021-03-13,16.651180555555555
2021-03-14,16.34576388888889
2021-03-15,17.068055555555556
2021-03-16,14.777291666666667
2021-03-17,16.534097222222222
2021-03-18,16.12361111111111
2021-03-19,14.313055555555556
2021-03-20,13.89236111111111
2021-03-21,14.408541666666666
2021-03-22,14.68
2021-03-23,15.492708333333333
2021-03-24,13.75951388888889
2021-03-25,13.914722222222222
2021-03-26,13.070208333333333
2021-03-27,13.141458333333333
2021-03-28,14.748333333333333
2021-03-29,14.918472222222222
2021-03-30,15.009166666666667
2021-03-31,13.872569444444444
2021-04-01,14.460166551006246
2021-04-02,14.155347222222222
2021-04-03,13.069027777777778
2021-04-04,14.522361111111111
2021-04-05,16.41236111111111
2021-04-06,14.581944444444444
2021-04-07,13.52576388888889
2021-04-08,14.582916666666666
2021-04-09,12.9125
2021-04-10,11.923333333333334
2021-04-11,14.556666666666667
2021-04-12,11.702708333333334
2021-04-13,12.07611111111111
2021-04-14,13.73048611111111
2021-04-15,14.315069444444445
2021-04-16,12.986527777777777
2021-04-17,14.14263888888889
2021-04-18,14.373333333333333
2021-04-19,13.983333333333334
2021-04-20,15.386666666666667
2021-04-21,16.28673611111111
2021-04-22,12.351527777777777
2021-04-23,14.97076388888889
2021-04-24,12.937708333333333
2021-04-25,12.975486111111111
2021-04-26,12.200763888888888
2021-04-27,13.933402777777777
2021-04-28,14.617638888888889
2021-04-29,13.776597222222222
2021-04-30,15.699791666666666
2021-05-01,12.00208188757807
2021-05-02,13.150972222222222
2021-05-03,13.698194444444445
2021-05-04,12.684930555555555
2021-05-05,12.674444444444445
2021-05-06,12.135486111111112
2021-05-07,16.517569444444444
2021-05-08,12.96298611111111
2021-05-09,12.426875
2021-05-10,11.072777777777778
2021-05-11,11.107430555555556
2021-05-12,12.539523121387283
2021-05-13,12.730153203342619
2021-05-14,12.26625
2021-05-15,12.546180555555555
2021-05-16,10.820208333333333
2021-05-17,11.664791666666666
2021-05-18,14.1575
2021-05-19,15.641319444444445
2021-05-20,11.239928315412186
2021-05-21,11.79845117845118
2021-05-22,11.08798611111111
2021-05-23,9.926805555555555
2021-05-24,10.717152777777779
2021-05-25,9.943680555555556
2021-05-26,10.035833333333333
2021-05-27,12.026944444444444
2021-05-28,12.613611111111112
2021-05-29,9.9975
2021-05-30,9.852569444444445
2021-05-31,11.793611111111112
2021-06-01,12.79382373351839
2021-06-02,12.809722222222222
2021-06-03,13.68173611111111
2021-06-04,12.473611111111111
2021-06-05,10.545972222222222
2021-06-06,10.964652777777777
2021-06-07,10.428472222222222
2021-06-08,8.885069444444444
2021-06-09,11.924791666666666
2021-06-10,12.79125
2021-06-11,9.969652777777778
2021-06-12,9.070069444444444
2021-06-13,11.834583333333333
2021-06-14,11.533819444444445
2021-06-15,13.182638888888889
2021-06-16,13.519583333333333
2021-06-17,8.446180555555555
2021-06-18,12.272986111111111
2021-06-19,10.505
2021-06-20,13.198611111111111
2021-06-21,8.937222222222223
2021-06-22,10.378125
2021-06-23,13.226458333333333
2021-06-24,10.266388888888889
2021-06-25,11.118611111111111
2021-06-26,9.25201388888889
2021-06-27,7.65375
2021-06-28,6.382013888888888
2021-06-29,7.22875
2021-06-30,10.716805555555556
2021-07-01,10.506592643997225
2021-07-02,10.020833333333334
2021-07-03,7.774791666666666
2021-07-04,6.505069444444445
2021-07-05,9.918819444444445
2021-07-06,11.73986111111111
2021-07-07,8.696319444444445
2021-07-08,7.941388888888889
2021-07-09,8.519166666666667
2021-07-10,10.56875
2021-07-11,7.992152777777778
2021-07-12,12.222152777777778
2021-07-13,9.970555555555556
2021-07-14,6.966111111111111
2021-07-15,6.626458333333334
2021-07-16,7.3220833333333335
2021-07-17,8.773541666666667
2021-07-18,6.917361111111111
2021-07-19,7.291111111111111
2021-07-20,7.572777777777778
2021-07-21,11.231111111111112
2021-07-22,10.449722222222222
2021-07-23,10.762708333333334
2021-07-24,11.814444444444444
2021-07-25,10.499166666666667
2021-07-26,11.469166666666666
2021-07-27,9.730694444444444
2021-07-28,7.237222222222222
2021-07-29,8.1310416666666665
2021-07-30,9.190069444444445
2021-07-31,9.921944444444444
2021-08-01,9.03206106870229
2021-08-02,8.316666666666666
2021-08-03,10.466875
2021-08-04,11.172708333333333
2021-08-05,12.59576388888889
2021-08-06,10.020972222222222
2021-08-07,11.81861111111111
2021-08-08,11.906947368421053
2021-08-09,8.238900343642612
2021-08-10,7.666111111111111
2021-08-11,9.259236111111111
2021-08-12,10.753055555555555
2021-08-13,10.216319444444444
2021-08-14,8.902315789473684
2021-08-15,11.585347222222222
2021-08-16,13.085017182130585
2021-08-17,12.598947368421053
2021-08-18,13.987569444444444
2021-08-19,13.010625
2021-08-20,10.901458333333334
2021-08-21,11.37106529209622
2021-08-22,10.165122807017545
2021-08-23,11.062569444444444
2021-08-24,8.557319587628866
2021-08-25,9.355859649122808
2021-08-26,8.597525773195876
2021-08-27,9.529263157894738
2021-08-28,12.272222222222222
2021-08-29,10.6375
2021-08-30,12.55826923076923
2021-08-31,12.786944444444444
2021-09-01,9.450177179305458
2021-09-02,12.953194444444444
2021-09-03,12.662777777777778
2021-09-04,11.690138888888889
2021-09-05,9.560277777777777
2021-09-06,10.432847222222222
2021-09-07,9.394773039889959
2021-09-08,9.501458333333334
2021-09-09,9.682152777777778
2021-09-10,12.125694444444445
2021-09-11,12.905486111111111
2021-09-12,12.911458333333334
2021-09-13,10.159027777777778
2021-09-14,11.663263888888888
2021-09-15,10.581527777777778
2021-09-16,10.084861111111111
2021-09-17,12.043333333333333
2021-09-18,12.680625000000001
2021-09-19,10.880694444444444
2021-09-20,11.855217391304349
2021-09-21,11.713066666666666
2021-09-22,12.285277777777777
2021-09-23,10.285069444444444
2021-09-24,11.275277777777777
2021-09-25,13.659791666666667
2021-09-26,10.567222222222222
2021-09-27,10.9975
2021-09-28,11.041666666666666
2021-09-29,10.870833333333334
2021-09-30,11.267291666666667
2021-10-01,10.523108952116585
2021-10-02,11.670069444444444
2021-10-03,9.809583333333334
2021-10-04,10.196458333333334
2021-10-05,10.685555555555556
2021-10-06,10.098055555555556
2021-10-07,12.78
2021-10-08,13.94888888888889
2021-10-09,10.761041666666667
2021-10-10,13.61875
2021-10-11,12.905138888888889
2021-10-12,14.153472222222222
2021-10-13,14.06076388888889
2021-10-14,13.619097222222223
2021-10-15,10.875347222222222
2021-10-16,10.653125
2021-10-17,11.327847222222223
2021-10-18,11.846458333333333
2021-10-19,12.797847222222222
2021-10-20,13.837847222222223
2021-10-21,14.079722222222221
2021-10-22,12.926041666666666
2021-10-23,11.015972222222222
2021-10-24,12.49423611111111
2021-10-25,13.603055555555555
2021-10-26,13.211388888888889
2021-10-27,12.66638888888889
2021-10-28,13.298472222222221
2021-10-29,12.823680555555555
2021-10-30,12.979444444444445
2021-10-31,13.037708333333333
2021-11-01,13.017626648160999
2021-11-02,12.793402777777779
2021-11-03,13.238958333333333
2021-11-04,14.017847222222223
2021-11-05,11.88875
2021-11-06,12.143958333333334
2021-11-07,11.575972222222223
2021-11-08,12.68326388888889
2021-11-09,13.73986111111111
2021-11-10,13.496736111111112
2021-11-11,12.578194444444444
2021-11-12,12.811666666666667
2021-11-13,13.979444444444445
2021-11-14,13.03326388888889
2021-11-15,12.621944444444445
2021-11-16,12.083541666666667
2021-11-17,13.289305555555556
2021-11-18,12.834722222222222
2021-11-19,13.617569444444445
2021-11-20,13.612152777777778
2021-11-21,12.951319444444444
2021-11-22,13.858611111111111
2021-11-23,14.498541666666666
2021-11-24,15.860972222222221
2021-11-25,13.626805555555556
2021-11-26,15.69923611111111
2021-11-27,15.404305555555556
2021-11-28,14.496805555555556
2021-11-29,14.75548611111111
2021-11-30,13.305208333333333
2021-12-01,14.293476752255378
2021-12-02,13.085972222222223
2021-12-03,15.137430555555556
2021-12-04,14.241111111111111
2021-12-05,15.698263888888889
2021-12-06,14.497179487179487
2021-12-08,15.573785310734463
2021-12-09,16.101736111111112
2021-12-10,15.365555555555556
2021-12-11,16.97548611111111
2021-12-12,16.771805555555556
2021-12-13,14.352986111111111
2021-12-14,13.929305555555555
2021-12-15,14.589930555555556
2021-12-16,15.739513888888888
2021-12-17,14.558958333333333
2021-12-18,14.952430555555555
2021-12-19,15.3975
2021-12-20,15.463194444444445
2021-12-21,16.445069444444446
2021-12-22,16.70548611111111
2021-12-23,16.678819444444443
2021-12-24,16.367430555555554
2021-12-25,16.982083333333332
2021-12-26,16.95986111111111
2021-12-27,17.252777777777776
2021-12-28,17.45888888888889
2021-12-29,17.383333333333333
2021-12-30,16.304583333333333
2021-12-31,16.626458333333332
2022-01-01,14.628660652324774
2022-01-02,15.286180555555555
2022-01-03,15.315555555555555
2022-01-04,16.69826388888889
2022-01-05,16.02923611111111
2022-01-06,15.977986111111111
2022-01-07,15.07201388888889
2022-01-08,16.52798611111111
2022-01-09,17.891041666666666
2022-01-10,17.08513888888889
2022-01-11,17.68375
2022-01-12,17.699791666666666
2022-01-13,17.630416666666665
2022-01-14,17.019583333333333
2022-01-15,17.49277777777778
2022-01-16,16.548680555555556
2022-01-17,16.86138888888889
2022-01-18,13.8725
2022-01-19,13.0175
2022-01-20,13.31638888888889
2022-01-21,13.869722222222222
2022-01-22,15.122152777777778
2022-01-23,15.627916666666668
2022-01-24,15.66048611111111
2022-01-25,15.4275
2022-01-26,15.55861111111111
2022-01-27,14.883402777777778
2022-01-28,16.816458333333333
2022-01-29,15.706527777777778
2022-01-30,15.716388888888888
2022-01-31,16.738958333333333
2022-02-01,17.204857737682165
2022-02-02,16.291458333333335
2022-02-03,16.365744680851062
2022-02-04,16.024140350877193
2022-02-05,16.233058419243985
2022-02-06,16.77138888888889
2022-02-07,17.12298611111111
2022-02-08,16.86919298245614
2022-02-09,17.304861111111112
2022-02-10,17.533402777777777
2022-02-11,18.241875
2022-02-12,17.36798611111111
2022-02-13,17.963402777777777
2022-02-14,17.166319444444444
2022-02-15,18.374930555555554
2022-02-16,15.685694444444444
2022-02-17,16.543333333333333
2022-02-18,16.385635738831613
2022-02-19,15.137152777777779
2022-02-20,15.457083333333333
2022-02-21,15.022013888888889
2022-02-22,15.972916666666666
2022-02-23,17.020902777777778
2022-02-24,16.776944444444446
2022-02-25,16.246180555555554
2022-02-26,16.17861111111111
2022-02-27,17.748125
2022-02-28,15.927859649122807
2022-03-01,14.286884108258153
2022-03-02,14.161388888888888
2022-03-03,17.310069444444444
2022-03-04,15.419444444444444
2022-03-05,14.601527777777777
2022-03-06,13.921319444444444
2022-03-07,14.579652777777778
2022-03-08,14.494375
2022-03-09,13.80625
2022-03-10,14.038611111111111
2022-03-11,13.664097222222223
2022-03-12,16.721666666666668
2022-03-13,13.424861111111111
2022-03-14,15.737430555555555
2022-03-15,16.6625
2022-03-16,16.939166666666665
2022-03-17,16.570069444444446
2022-03-18,14.787847222222222
2022-03-19,15.113680555555556
2022-03-20,14.56125
2022-03-21,13.030486111111111
2022-03-22,13.517083333333334
2022-03-23,14.224791666666667
2022-03-24,13.110347222222222
2022-03-25,13.143194444444445
2022-03-26,15.151319444444445
2022-03-27,11.734722222222222
2022-03-28,12.9375
2022-03-29,12.219652777777778
2022-03-30,14.825208333333334
2022-03-31,11.185902777777779
2022-04-01,11.446984572230015
2022-04-02,12.713819444444445
2022-04-03,13.559583333333334
2022-04-04,11.821875
2022-04-05,10.855069444444444
2022-04-06,12.129236111111112
2022-04-07,11.55701388888889
2022-04-08,11.88861111111111
2022-04-09,13.224791666666667
2022-04-10,11.580486111111112
2022-04-11,10.858402777777778
2022-04-12,11.617986111111112
2022-04-13,10.955902777777778
2022-04-14,13.108402777777778
2022-04-15,13.991180555555555
2022-04-16,10.006597222222222
2022-04-17,11.594027777777779
2022-04-18,11.471875
2022-04-19,12.422291666666666
2022-04-20,10.109155555555555
2022-04-21,11.837606837606838
2022-04-22,13.893684210526315
2022-04-23,12.835972222222223
2022-04-24,13.577361111111111
2022-04-25,14.011805555555556
2022-04-26,14.130416666666667
2022-04-27,13.7525
2022-04-28,12.18
2022-04-29,10.732847222222222
2022-04-30,10.385277777777778
2022-05-01,10.855378209576683
2022-05-02,10.615625
2022-05-03,10.453541666666666
2022-05-04,11.460694444444444
2022-05-05,13.555277777777778
2022-05-06,13.037222222222223
2022-05-07,12.039652777777778
2022-05-08,12.769295184926728
2022-05-09,11.839958012596222
2022-05-10,12.084861111111111
2022-05-11,11.805277777777778
2022-05-12,11.730555555555556
2022-05-13,10.70861111111111
2022-05-14,12.138125
2022-05-15,9.654097222222223
2022-05-16,13.147986111111111
2022-05-17,11.396944444444445
2022-05-18,12.034666666666666
2022-05-20,14.29723964868256
2022-05-21,12.047708333333333
2022-05-22,12.151527777777778
2022-05-23,13.200347222222222
2022-05-24,13.082569444444445
2022-05-25,10.89766323024055
2022-05-26,9.304140350877192
2022-05-27,7.565069444444444
2022-05-28,7.408333333333333
2022-05-29,5.758541666666667
2022-05-30,5.0597916666666665
2022-05-31,5.269669876203577
2022-06-01,5.877446217904233
2022-06-02,11.473055555555556
2022-06-03,10.560069444444444
2022-06-04,13.042013888888889
2022-06-05,13.537380952380952
2022-06-06,10.911305822498587
2022-06-07,10.664583333333333
2022-06-08,9.663541666666667
2022-06-09,11.790263157894737
2022-06-10,10.115172413793104
2022-06-11,9.608958333333334
2022-06-12,11.518402777777778
2022-06-13,11.034652777777778
2022-06-14,13.351566579634465
2022-06-15,9.17736111111111
2022-06-16,10.473263888888889
2022-06-17,8.848194444444445
2022-06-18,7.581666666666667
2022-06-23,9.72613707165109
2022-06-24,11.596944444444444
2022-06-25,10.733263888888889
2022-06-26,11.95
2022-06-27,9.005972222222223
2022-06-28,9.395763888888888
2022-06-29,9.447222222222223
2022-06-30,9.170625
2022-07-01,11.776266481609992
2022-07-02,8.121180555555556
2022-07-03,7.615208333333333
2022-07-04,9.047916666666667
2022-07-05,7.501805555555555
2022-07-06,7.476736111111111
2022-07-07,7.871458333333333
2022-07-08,10.53513888888889
2022-07-09,12.639097222222222
2022-07-10,12.028541666666667
2022-07-11,11.593589743589744
2022-07-12,8.304930555555556
2022-07-13,8.13936170212766
2022-07-14,11.39375
2022-07-15,9.067719298245613
2022-07-16,7.432350877192983
2022-07-17,7.714861111111111
2022-07-18,8.091438596491228
2022-07-19,8.140277777777778
2022-07-20,9.794375
2022-07-21,8.507361111111111
2022-07-22,9.656041666666667
2022-07-23,11.219930555555555
2022-07-24,11.538541666666667
2022-07-25,13.058060879368659
2022-07-26,11.609097222222223
2022-07-27,10.460902777777777
2022-07-28,9.718472222222223
2022-07-29,9.46861111111111
2022-07-30,12.46701388888889
2022-07-31,10.294097222222222
2022-08-01,10.2882026370576
2022-08-02,11.634583333333333
2022-08-03,9.738611111111112
2022-08-04,10.034583333333334
2022-08-05,8.389652777777778
2022-08-06,11.702361111111111
2022-08-07,11.168194444444444
2022-08-08,9.518456140350878
2022-08-09,8.555395189003436
2022-08-10,9.15136842105263
2022-08-11,9.15553264604811
2022-08-12,10.2545
2022-08-15,9.433273574757978
2022-08-16,9.100763888888888
2022-08-17,11.809861111111111
2022-08-18,10.761319444444444
2022-08-19,9.002083333333333
2022-08-20,10.370972222222223
2022-08-21,11.294583333333334
2022-08-22,11.944140350877193
2022-08-23,12.043655913978494
2022-08-24,10.53609731876862
2022-08-25,9.981888653981677
2022-08-26,10.749583333333334
2022-08-27,11.544097222222222
2022-08-28,9.235625
2022-08-29,11.091041666666667
2022-08-30,11.953194444444444
2022-08-31,11.905625
2022-09-01,11.562595419847328
2022-09-02,10.612013888888889
2022-09-03,9.304444444444444
2022-09-04,9.936111111111112
2022-09-05,10.399375
2022-09-06,10.543402777777779
2022-09-07,11.717319587628866
2022-09-08,10.368280701754387
2022-09-09,9.84
2022-09-10,8.696666666666667
2022-09-11,12.269166666666667
2022-09-12,8.943333333333333
2022-09-13,11.996336996336996
2022-09-14,9.848646864686469
2022-09-15,10.830694444444445
2022-09-16,11.803263888888889
2022-09-17,11.919305555555555
2022-09-18,11.92
2022-09-19,9.098402777777778
2022-09-20,10.302222222222222
2022-09-21,9.226944444444445
2022-09-22,11.759097222222222
2022-09-23,11.444097222222222
2022-09-24,11.89625
2022-09-25,12.52125
2022-09-26,10.554791666666667
2022-09-27,11.304583333333333
2022-09-28,11.879375
2022-09-29,11.918680555555556
2022-09-30,12.71701388888889
2022-10-01,11.995628036086051
2022-10-02,11.822083333333333
2022-10-03,11.683194444444444
2022-10-04,12.088125
2022-10-05,12.611527777777777
2022-10-06,11.935257731958762
2022-10-07,11.783194444444444
2022-10-08,12.036597222222222
2022-10-09,10.94375
2022-10-10,11.87125
2022-10-11,12.548263888888888
2022-10-12,10.6725
2022-10-13,11.174652777777778
2022-10-14,10.732916666666666
2022-10-15,12.190902777777778
2022-10-16,11.870972222222223
2022-10-17,12.356597222222222
2022-10-18,13.539305555555556
2022-10-19,12.575138888888889
2022-10-20,11.737777777777778
2022-10-21,11.956140350877194
2022-10-22,11.234930555555556
2022-10-23,12.140347222222223
2022-10-24,10.305763888888889
2022-10-25,12.633055555555556
2022-10-26,13.53736111111111
2022-10-27,12.35361111111111
2022-10-28,12.057708333333334
2022-10-29,12.225555555555555
2022-10-30,13.089166666666667
2022-10-31,11.40451388888889
2022-11-01,12.063705759888967
2022-11-02,13.456319444444444
2022-11-03,14.118055555555555
2022-11-04,14.715694444444445
2022-11-05,14.979444444444445
2022-11-06,12.24375
2022-11-07,13.262847222222222
2022-11-08,13.386116838487972
2022-11-09,13.861805555555556
2022-11-10,12.3875
2022-11-11,15.169614035087719
2022-11-12,15.642291666666667
2022-11-13,13.170902777777778
2022-11-14,13.949347826086957
2022-11-15,15.105066666666668
2022-11-16,15.305277777777778
2022-11-17,14.821875
2022-11-18,14.973333333333333
2022-11-19,14.744791666666666
2022-11-20,13.828472222222222
2022-11-21,12.559285714285714
2022-11-22,14.59604938271605
2022-11-23,13.91325
2022-11-24,14.72970238095238
2022-11-25,14.622013888888889
2022-11-26,14.392083333333334
2022-11-27,15.224375
2022-11-28,15.519444444444444
2022-11-29,15.956666666666667
2022-11-30,16.03236111111111
2022-12-01,15.365093684941014
2022-12-02,14.392430555555556
2022-12-03,15.592222222222222
2022-12-04,16.014444444444443
2022-12-05,15.665902777777777
2022-12-06,15.503680555555556
2022-12-07,15.535277777777777
2022-12-08,14.956388888888888
2022-12-09,16.57472222222222
2022-12-10,16.77725085910653
2022-12-11,17.099305555555556
2022-12-12,16.2445390070922
2022-12-13,15.47578231292517
2022-12-14,15.174097222222223
2022-12-15,16.31923611111111
2022-12-16,15.680347222222222
2022-12-17,14.722569444444444
2022-12-18,14.072916666666666
2022-12-19,15.448982456140351
2022-12-20,15.890277777777778
2022-12-21,15.298533724340176
2022-12-22,16.648118811881186
2022-12-23,17.01798611111111
2022-12-24,14.961527777777778
2022-12-25,15.298541666666667
2022-12-26,18.284791666666667
2022-12-27,16.72326388888889
2022-12-28,16.13576388888889
2022-12-29,16.674166666666668
2022-12-30,17.172852233676977
2022-12-31,17.65473684210526
2023-01-01,16.75822345593338
2023-01-02,15.44955326460481
2023-01-03,16.037916666666668
2023-01-04,17.29125
2023-01-05,18.022526315789474
2023-01-06,17.059375
2023-01-07,18.233194444444443
2023-01-08,17.893194444444443
2023-01-09,17.617083333333333
2023-01-10,18.606944444444444
2023-01-11,17.17625
2023-01-12,15.869375
2023-01-13,15.013472222222223
2023-01-14,15.557430555555555
2023-01-15,15.192013888888889
2023-01-16,15.64423611111111
2023-01-17,15.623402777777779
2023-01-18,14.965833333333334
2023-01-19,16.854791666666667
2023-01-20,18.05902777777778
2023-01-21,15.810208333333334
2023-01-22,16.552836879432625
2023-01-23,17.85798611111111
2023-01-24,18.270694444444445
2023-01-25,16.935347222222223
2023-01-26,15.425208333333334
2023-01-27,14.871666666666666
2023-01-28,15.742083333333333
2023-01-29,16.526944444444446
2023-01-30,16.94534722222222
2023-01-31,16.738888888888887
2023-02-01,15.814503816793893
2023-02-02,15.503402777777778
2023-02-03,17.11
2023-02-04,18.228958333333335
2023-02-05,17.7186941580756
2023-02-06,16.951087719298247
2023-02-07,17.329278350515462
2023-02-08,17.779305555555556
2023-02-09,17.540912280701754
2023-02-10,17.608125
2023-02-11,17.578958333333333
2023-02-12,16.769375
2023-02-13,16.676111111111112
2023-02-14,16.749513888888888
2023-02-15,15.56638888888889
2023-02-16,16.080694444444443
2023-02-17,15.239236111111111
2023-02-18,16.303680555555555
2023-02-19,16.66
2023-02-20,15.186111111111112
2023-02-21,16.607777777777777
2023-02-22,15.752222222222223
2023-02-23,14.475555555555555
2023-02-24,16.67798611111111
2023-02-25,17.226111111111113
2023-02-26,16.34111111111111
2023-02-27,16.608472222222222
2023-02-28,15.743259972489684
2023-03-01,16.215197779319915
2023-03-02,15.69923611111111
2023-03-03,17.169444444444444
2023-03-04,15.619861111111112
2023-03-05,17.100277777777777
2023-03-06,16.703680555555557
2023-03-07,16.120277777777776
2023-03-08,16.87534722222222
2023-03-09,15.710416666666667
2023-03-10,16.11576388888889
2023-03-11,16.885625
2023-03-12,15.942638888888888
2023-03-13,16.21847222222222
2023-03-14,17.458541666666665
2023-03-15,16.344583333333333
2023-03-16,16.429375
2023-03-17,16.33736111111111
2023-03-18,16.528472222222224
2023-03-19,16.458472222222223
2023-03-20,17.315416666666668
2023-03-21,15.604236111111112
2023-03-22,14.934513888888889
2023-03-23,15.964583333333334
2023-03-24,15.573472222222222
2023-03-25,15.591041666666667
2023-03-26,16.081875
2023-03-27,16.041805555555555
2023-03-28,14.47638888888889
2023-03-29,14.52375
2023-03-30,13.933958333333333
2023-03-31,12.929583333333333
2023-04-01,13.020402498265094
2023-04-02,13.378125
2023-04-03,14.22076388888889
2023-04-04,14.403194444444445
2023-04-05,13.881736111111111
2023-04-06,13.854791666666667
2023-04-07,13.885208333333333
2023-04-08,14.090347222222222
2023-04-09,12.713611111111112
2023-04-10,12.713055555555556
2023-04-11,14.230972222222222
2023-04-12,14.549722222222222
2023-04-13,14.65875
2023-04-14,14.001630049610206
2023-04-15,13.229722222222222
2023-04-16,14.550972222222223
2023-04-17,11.55486111111111
2023-04-18,10.748958333333333
2023-04-19,11.645902777777778
2023-04-20,13.682152777777778
2023-04-21,15.566944444444445
2023-04-22,11.491180555555555
2023-04-23,13.622361111111111
2023-04-24,13.742291666666667
2023-04-25,12.641180555555556
2023-04-26,13.41798611111111
2023-04-27,14.657361111111111
2023-04-28,15.386180555555555
2023-04-29,15.299861111111111
2023-04-30,15.582708333333333
2023-05-01,12.508396946564886
2023-05-02,9.645
2023-05-03,9.5564583333333335
2023-05-04,12.850694444444445
2023-05-05,10.377430555555556
2023-05-06,11.343402777777778
2023-05-07,9.124583333333334
2023-05-08,9.887361111111112
2023-05-09,11.313819444444444
2023-05-10,10.784305555555555
2023-05-11,12.643611111111111
2023-05-12,15.015
2023-05-13,14.380416666666667
2023-05-14,13.530833333333334
2023-05-15,15.598125
2023-05-16,14.197430555555556
2023-05-17,15.256666666666666
2023-05-18,11.258819444444445
2023-05-19,11.546388888888888
2023-05-20,12.143194444444445
2023-05-21,13.87861111111111
2023-05-22,14.521319444444444
2023-05-23,13.669305555555555
2023-05-24,12.17611111111111
2023-05-25,12.539375
2023-05-26,11.675347222222221
2023-05-27,13.122291666666667
2023-05-28,9.94951388888889
2023-05-29,12.340347222222222
2023-05-30,11.854166666666666
2023-05-31,11.008194444444445
2023-06-01,12.438723108952116
2023-06-02,12.450416666666667
2023-06-03,13.639513888888889
2023-06-04,12.428541666666666
2023-06-05,10.99201388888889
2023-06-06,10.650694444444445
2023-06-07,12.371666666666666
2023-06-08,14.684583333333334
2023-06-09,14.194444444444445
2023-06-10,11.652430555555556
2023-06-11,8.140694444444444
2023-06-12,5.8
2023-06-13,7.822013888888889
2023-06-14,6.285
2023-06-15,9.06861111111111
2023-06-16,10.325625
2023-06-17,9.377291666666666
2023-06-18,12.780555555555555
2023-06-19,13.770416666666666
2023-06-20,12.560694444444444
2023-06-21,11.447847222222222
2023-06-22,12.933
2023-06-24,14.962947771397321
2023-06-25,13.492638888888889
2023-06-26,13.615763888888889
2023-06-27,11.092152777777779
2023-06-28,10.813888888888888
2023-06-29,9.82798611111111
2023-06-30,9.905069444444445
2023-07-01,9.800346981263012
2023-07-02,13.61923611111111
2023-07-03,9.415972222222223
2023-07-04,11.878472222222221
2023-07-05,9.018680555555555
2023-07-06,10.985763888888888
2023-07-07,10.87861111111111
2023-07-08,12.798819444444444
2023-07-09,12.14673611111111
2023-07-10,9.429722222222223
2023-07-11,12.462569444444444
2023-07-12,12.859583333333333
2023-07-13,10.577847222222223
2023-07-14,9.688402777777778
2023-07-15,10.225138888888889
2023-07-16,8.775833333333333
2023-07-17,8.732013888888888
2023-07-18,10.91611111111111
2023-07-19,13.228541666666667
2023-07-20,12.139027777777779
2023-07-21,13.500763888888889
2023-07-22,14.244861111111112
2023-07-23,10.768125
2023-07-24,10.158819444444445
2023-07-25,10.44
2023-07-26,10.732569444444444
2023-07-27,10.143333333333333
2023-07-28,10.338611111111112
2023-07-29,11.618333333333334
2023-07-30,12.342569444444445
2023-07-31,12.967986111111111
2023-08-01,13.577446217904233
2023-08-02,11.890694444444444
2023-08-03,11.712083333333334
2023-08-04,12.082847222222222
2023-08-05,13.446736111111111
2023-08-06,14.176527777777778
2023-08-07,9.92013888888889
2023-08-08,11.98875
2023-08-09,12.972916666666666
2023-08-10,13.923819444444444
2023-08-11,12.628194444444444
2023-08-12,12.070902777777778
2023-08-13,12.6875
2023-08-14,12.848210526315789
2023-08-15,14.124930555555556
2023-08-16,14.059930555555555
2023-08-17,13.634583333333333
2023-08-18,11.33875
2023-08-19,13.613402777777777
2023-08-20,12.972916666666666
2023-08-21,14.340069444444444
2023-08-22,14.925625
2023-08-23,12.086944444444445
2023-08-24,10.320694444444445
2023-08-25,10.963055555555556
2023-08-26,10.014166666666666
2023-08-27,10.343680555555556
2023-08-28,13.177708333333333
2023-08-29,10.653819444444444
2023-08-30,11.243333333333334
2023-08-31,11.010972222222222
2023-09-01,12.22297015961138
2023-09-02,12.314930555555556
2023-09-03,13.849583333333333
2023-09-04,12.105069444444444
2023-09-05,11.564444444444444
2023-09-06,12.40375
2023-09-07,10.399097222222222
2023-09-08,13.086458333333333
2023-09-09,13.214166666666667
2023-09-10,12.619930555555555
2023-09-11,13.606944444444444
2023-09-12,11.126319444444444
2023-09-13,9.776805555555555
2023-09-14,13.48013888888889
2023-09-15,12.8075
2023-09-16,11.517430555555556
2023-09-17,11.75611111111111
2023-09-18,10.419652777777777
2023-09-19,12.580069444444444
2023-09-20,13.472083333333334
2023-09-21,12.439930555555556
2023-09-22,11.933263888888888
2023-09-23,12.644652777777777
2023-09-24,13.050208333333334
2023-09-25,11.237222222222222
2023-09-26,11.414166666666667
2023-09-27,10.601875
2023-09-28,10.344166666666666
2023-09-29,10.810069444444444
2023-09-30,12.437152777777778
2023-10-01,12.684802220680083
2023-10-02,13.173333333333334
2023-10-03,12.93178947368421
2023-10-04,11.368194444444445
2023-10-05,11.068333333333333
2023-10-06,12.772083333333333
2023-10-07,10.878819444444444
2023-10-08,11.322777777777778
2023-10-09,11.759166666666667
2023-10-10,12.538263888888888
2023-10-11,11.7568115942029
2023-10-12,11.46792899408284
2023-10-13,11.562630480167014
2023-10-14,11.176111111111112
2023-10-15,10.236272401433691
2023-10-16,10.584420289855073
2023-10-17,11.225069444444445
2023-10-18,14.969513888888889
2023-10-19,11.287708333333333
2023-10-20,13.37122807017544
2023-10-21,14.299236111111112
2023-10-22,12.685151515151516
2023-10-23,13.72
2023-10-24,12.325972222222223
2023-10-25,13.437013888888888
2023-10-26,13.131736111111111
2023-10-27,12.014027777777779
2023-10-28,11.961319444444445
2023-10-29,14.759583333333333
2023-10-30,12.020526315789473
2023-11-01,12.759567535545024
2023-11-02,10.7675
2023-11-03,12.368717948717949
2023-11-04,13.591843575418995
2023-11-05,14.46125
2023-11-06,8.6154166666666665
2023-11-08,14.556510638297873
2023-11-09,13.085486111111111
2023-11-10,13.291666666666666
2023-11-11,14.436180555555556
2023-11-12,12.237847222222221
2023-11-13,13.498055555555556
2023-11-14,11.980631578947369
2023-11-15,11.317916666666667
2023-11-16,11.376875
2023-11-17,12.003055555555555
2023-11-20,13.925104166666667
2023-11-21,13.460972222222223
2023-11-22,13.323472222222222
2023-11-23,13.454097222222222
2023-11-24,14.63861111111111
2023-11-25,14.001041666666667
2023-11-26,14.229444444444445
2023-11-27,15.233541666666667
2023-11-28,15.380625
2023-11-29,13.91423611111111
2023-11-30,14.249684210526317
2023-12-01,15.116724496877168
2023-12-02,13.104513888888889
2023-12-03,13.430555555555555
2023-12-04,12.810240549828178
2023-12-05,15.349722222222223
2023-12-06,12.720208333333334
2023-12-07,14.329097222222222
2023-12-08,14.315347222222222
2023-12-09,14.76375
2023-12-10,14.932777777777778
2023-12-11,15.212708333333333
2023-12-12,14.053888888888888
2023-12-13,15.104791666666667
2023-12-14,15.390138888888888
2023-12-15,13.344930555555555
2023-12-16,15.322222222222223
2023-12-17,14.153402777777778
2023-12-18,13.73861111111111
2023-12-19,14.505972222222223
2023-12-20,13.678194444444445
2023-12-21,14.563194444444445
2023-12-22,15.24125
2023-12-23,16.02173611111111
2023-12-24,15.644375
2023-12-25,14.32201388888889
2023-12-26,16.34958333333333
2023-12-27,17.320833333333333
2023-12-28,16.659375
2023-12-29,16.93826388888889
2023-12-30,17.802847222222223
2023-12-31,16.602013888888887
2024-01-01,16.189521165857045
2024-01-02,16.111041666666665
2024-01-03,17.718541666666667
2024-01-04,17.95423611111111
2024-01-05,17.696527777777778
2024-01-06,17.692847222222223
2024-01-07,17.026805555555555
2024-01-08,16.952986111111112
2024-01-09,15.483055555555556
2024-01-10,15.712847222222223
2024-01-11,16.66340277777778
2024-01-12,16.333055555555557
2024-01-13,16.797708333333333
2024-01-14,15.444583333333334
2024-01-15,15.88888888888889
2024-01-16,15.578194444444444
2024-01-17,16.218055555555555
2024-01-18,16.00027777777778
2024-01-19,15.651805555555555
2024-01-20,16.2625
2024-01-21,15.504930555555555
2024-01-22,15.905416666666667
2024-01-23,16.33798611111111
2024-01-24,16.38111111111111
2024-01-25,16.61277777777778
2024-01-26,18.042638888888888
2024-01-27,17.438541666666666
2024-01-28,17.438819444444444
2024-01-29,17.594444444444445
2024-01-30,17.383958333333332
2024-01-31,18.158680555555556
2024-02-01,18.404024982650938
2024-02-02,18.24326388888889
2024-02-03,18.298402777777778
2024-02-04,18.350625
2024-02-05,17.653402777777778
2024-02-06,17.76326388888889
2024-02-07,17.52423611111111
2024-02-08,19.040277777777778
2024-02-09,17.567708333333332
2024-02-10,16.211944444444445
2024-02-11,16.522708333333334
2024-02-12,16.199166666666667
2024-02-13,17.484861111111112
2024-02-14,18.763125
2024-02-15,18.200625
2024-02-16,16.914583333333333
2024-02-17,15.924583333333333
2024-02-18,17.17
2024-02-19,17.837083333333332
2024-02-20,19.205
2024-02-21,18.836597222222224
2024-02-22,18.445763888888887
2024-02-23,17.963958333333334
2024-02-24,18.492013888888888
2024-02-25,18.00777777777778
2024-02-26,18.89625
2024-02-27,17.85611111111111
2024-02-28,17.428333333333335
2024-02-29,18.096180555555556
2024-03-01,17.1735600277585
2024-03-02,17.595
2024-03-03,16.584097222222223
2024-03-04,17.102430555555557
2024-03-05,16.11076388888889
2024-03-06,16.761805555555554
2024-03-07,15.6975
2024-03-08,14.418125
2024-03-09,15.454930555555556
2024-03-10,15.426041666666666
2024-03-11,16.371180555555554
2024-03-12,14.939861111111112
2024-03-13,15.659027777777778
2024-03-14,14.639861111111111
2024-03-15,13.914166666666667
2024-03-16,13.50763888888889
2024-03-17,13.369652777777778
2024-03-18,13.22048611111111
2024-03-19,14.16173611111111
2024-03-20,16.898819444444445
2024-03-21,15.65013888888889
2024-03-22,15.123055555555556
2024-03-23,14.84125
2024-03-24,15.437708333333333
2024-03-25,15.950069444444445
2024-03-26,15.553402777777778
2024-03-27,15.322083333333333
2024-03-28,15.7275
2024-03-29,14.991111111111111
2024-03-30,15.71910739191074
2024-03-31,14.969097222222222
2024-04-01,14.466620402498265
2024-04-02,14.141805555555555
2024-04-03,14.708055555555555
2024-04-04,14.346180555555556
2024-04-05,13.851527777777777
2024-04-06,12.94111111111111
2024-04-07,12.705625
2024-04-08,12.91763888888889
2024-04-09,12.112222222222222
2024-04-10,12.332222222222223
2024-04-11,12.97125
2024-04-12,12.983958333333334
2024-04-13,12.112569444444444
2024-04-14,12.687986111111112
2024-04-15,13.765555555555556
2024-04-16,13.017222222222221
2024-04-17,13.116944444444444
2024-04-18,12.983472222222222
2024-04-19,13.630138888888888
2024-04-20,13.416666666666666
2024-04-21,14.467569444444445
2024-04-22,15.986597222222223
2024-04-23,11.813125
2024-04-24,10.975
2024-04-25,10.060347222222223
2024-04-26,12.189722222222223
2024-04-27,12.119166666666667
2024-04-28,8.906527777777777
2024-04-29,10.838958333333334
2024-04-30,15.071298245614035
2024-05-01,12.048438584316447
2024-05-02,9.41638888888889
2024-05-03,8.641924398625429
2024-05-04,8.431087719298246
2024-05-05,10.665555555555555
2024-05-06,9.140902777777777
2024-05-07,7.825833333333334
2024-05-08,8.230625
2024-05-09,8.513125
2024-05-10,11.67375
2024-05-11,8.401527777777778
2024-05-12,8.3846735395189
2024-05-13,8.707859649122806
2024-05-14,6.964536082474226
2024-05-15,8.316070175438597
2024-05-16,7.801736111111111
2024-05-17,7.6535416666666665
2024-05-18,7.3689583333333335
2024-05-19,7.7965277777777775
2024-05-20,10.735694444444444
2024-05-21,12.251458333333334
2024-05-22,11.614652777777778
2024-05-23,11.048958333333333
2024-05-24,9.185347222222223
2024-05-25,11.873888888888889
2024-05-26,12.935
2024-05-27,9.519583333333333
2024-05-28,8.89
2024-05-29,9.34173611111111
2024-05-30,10.694513888888888
2024-05-31,10.556666666666667
2024-06-01,10.054545454545455
2024-06-02,10.443402777777777
2024-06-03,11.633680555555555
2024-06-04,12.159375
2024-06-05,11.103680555555556
2024-06-06,12.15
2024-06-12,13.569271877087509
2024-06-14,15.652566096423017
2024-06-15,10.277152777777777
2024-06-16,11.244930555555555
2024-06-17,11.287638888888889
2024-06-18,13.507916666666667
2024-06-19,13.883402777777778
2024-06-20,12.499930555555556
2024-06-21,13.373125
2024-06-22,13.008695652173913
2024-06-25,10.074544805426633
2024-06-26,9.764097222222222
2024-06-27,9.780208333333333
2024-06-28,10.948247422680412
2024-06-29,8.355017543859649
2024-06-30,8.631388888888889
2024-07-01,8.888700564971751
2024-07-02,8.94125
2024-07-03,10.380347222222222
2024-07-04,8.32125
2024-07-05,6.506875
2024-07-06,5.758055555555556
2024-07-07,5.809513888888889
2024-07-08,5.294583333333334
2024-07-09,5.103125
2024-07-10,8.458263888888888
2024-07-11,5.7590972222222225
2024-07-12,5.8410416666666665
2024-07-13,7.7768749999999995
2024-07-14,7.355138888888889
2024-07-15,7.445694444444444
2024-07-16,8.653472222222222
2024-07-17,8.76375
2024-07-18,9.392152777777778
2024-07-19,10.516458333333333
2024-07-20,10.454583333333334
2024-07-21,9.23625
2024-07-22,8.58423611111111
2024-07-23,12.554652777777777
2024-07-24,9.274375
2024-07-25,8.56125
2024-07-26,8.477847222222222
2024-07-27,8.134722222222223
2024-07-28,6.691944444444444
2024-07-29,7.395120274914089
2024-07-30,11.074947368421052
2024-07-31,12.148680555555556
2024-08-01,12.56148507980569
2024-08-02,12.119652777777778
2024-08-03,13.654821664464993
2024-08-04,11.598819444444445
2024-08-05,10.468263888888888
2024-08-06,9.88513888888889
2024-08-07,7.933194444444444
2024-08-08,7.5025
2024-08-09,8.71486111111111
2024-08-10,9.924027777777777
2024-08-11,10.362777777777778
2024-08-12,10.273127147766322
2024-08-13,11.663194444444445
2024-08-14,12.111508771929824
2024-08-15,12.16013888888889
2024-08-16,10.768541666666666
2024-08-17,10.552222222222222
2024-08-18,9.22486111111111
2024-08-19,8.72048611111111
2024-08-20,9.319166666666666
2024-08-21,7.067569444444445
2024-08-22,8.65798611111111
2024-08-23,8.779444444444444
2024-08-24,8.176597222222222
2024-08-25,9.48125
2024-08-26,9.860486111111111
2024-08-27,9.217708333333333
2024-08-28,11.049930555555555
2024-08-29,11.429236111111111
2024-08-30,12.610277777777778
2024-08-31,9.364513888888888
2024-09-01,10.277515614156835
2024-09-02,11.658958333333333
2024-09-03,10.338333333333333
2024-09-04,11.138402777777777
2024-09-05,9.419444444444444
2024-09-06,9.663680555555555
2024-09-07,10.651805555555555
2024-09-08,9.974722222222223
2024-09-09,10.739513888888888
2024-09-10,10.553840579710146
2024-09-11,10.341
2024-09-12,10.691935483870967
2024-09-13,11.806319444444444
2024-09-14,10.008402777777778
2024-09-15,10.541319444444444
2024-09-16,10.474305555555556
2024-09-17,13.374930555555556
2024-09-18,9.686666666666667
2024-09-19,13.341458333333334
2024-09-20,10.12298611111111
2024-09-21,12.252638888888889
2024-09-22,10.761319444444444
2024-09-23,12.738333333333333
2024-09-24,9.833819444444444
2024-09-25,10.306666666666667
2024-09-26,10.394930555555556
2024-09-27,10.500625
2024-09-28,11.844513888888889
2024-09-29,12.923541666666667
2024-09-30,13.625625
2024-10-01,12.9852879944483
2024-10-02,11.136388888888888
2024-10-03,10.879652777777778
2024-10-04,11.366805555555555
2024-10-05,11.645416666666666
2024-10-06,12.960208333333334
2024-10-07,14.165069444444445
2024-10-08,14.969236111111112
2024-10-09,13.528611111111111
2024-10-10,12.940277777777778
2024-10-11,13.468541666666667
2024-10-12,12.902083333333334
2024-10-13,11.88673611111111
2024-10-14,11.580069444444444
2024-10-15,11.168541666666666
2024-10-16,13.138125
2024-10-17,11.032777777777778
2024-10-18,12.959166666666667
2024-10-19,12.53513888888889
2024-10-20,14.396666666666667
2024-10-21,13.01361111111111
2024-10-22,13.508541666666666
2024-10-23,14.982430555555556
2024-10-24,12.916180555555556
2024-10-25,13.789930555555555
2024-10-26,13.032708333333334
2024-10-27,11.92125
2024-10-28,12.526319444444445
2024-10-29,14.338055555555556
2024-10-30,14.530486111111111
2024-10-31,13.532361111111111
2024-11-01,13.949063150589868
2024-11-02,12.728055555555555
2024-11-03,13.587847222222223
2024-11-04,12.73638888888889
2024-11-05,12.886875
2024-11-06,13.203958333333333
2024-11-07,13.632083333333334
2024-11-08,14.364305555555555
2024-11-09,13.95923611111111
2024-11-10,15.274305555555555
2024-11-11,14.562986111111112
2024-11-12,14.08763888888889
2024-11-13,13.993611111111111
2024-11-14,14.270694444444445
2024-11-15,14.325833333333334
2024-11-16,13.17125
2024-11-17,12.685416666666667
2024-11-18,12.471041666666666
2024-11-19,13.888125
2024-11-20,13.454236111111111
2024-11-21,13.35576388888889
2024-11-22,13.787847222222222
2024-11-23,14.435347222222223
2024-11-24,14.980277777777777
2024-11-25,15.391666666666667
2024-11-26,14.958680555555556
2024-11-27,12.991736111111111
2024-11-28,13.145347222222222
2024-11-29,14.520208333333333
2024-11-30,13.703611111111112
2024-12-01,15.300971547536433
2024-12-02,13.737361111111111
2024-12-03,13.802083333333334
2024-12-04,14.829745042492918
2024-12-05,15.14638888888889
2024-12-06,13.689894736842104
2024-12-07,14.929166666666667
2024-12-08,14.165614035087719
2024-12-09,13.728472222222223
2024-12-10,14.082569444444445
2024-12-11,13.534791666666667
2024-12-12,14.581597222222221
2024-12-13,14.242315789473684
2024-12-14,15.101666666666667
2024-12-15,15.293958333333334
2024-12-16,13.814105263157895
2024-12-17,14.150972222222222
2024-12-18,15.38119298245614
2024-12-19,15.511180555555555
2024-12-20,14.903541666666667
2024-12-21,15.884701754385965
2024-12-22,15.52888888888889
2024-12-23,15.800347222222221
2024-12-24,16.188333333333333
2024-12-25,15.770902777777778
2024-12-26,16.569333333333333
2024-12-27,15.974305555555556
2024-12-28,16.156319444444446
2024-12-29,16.08534722222222
2024-12-30,16.340972222222224
2024-12-31,16.267291666666665
2025-01-01,16.739208882720334
2025-01-02,16.208491228070177
2025-01-03,16.57922807017544
2025-01-04,16.714930555555554
2025-01-05,18.07263888888889
2025-01-06,18.397916666666667
2025-01-07,17.947719298245612
2025-01-08,18.365902777777777
2025-01-09,17.398958333333333
2025-01-10,17.36284722222222
2025-01-11,17.354097222222222
2025-01-12,18.035486111111112
2025-01-13,18.472361111111113
2025-01-14,17.607291666666665
2025-01-15,16.57923611111111
2025-01-16,17.775902777777777
2025-01-17,16.09111111111111
2025-01-18,15.821754385964912
2025-01-19,14.774652777777778
2025-01-20,15.512569444444445
2025-01-21,15.597152777777778
2025-01-22,17.08821052631579
2025-01-23,15.70680701754386
2025-01-24,16.877916666666668
2025-01-25,16.353402777777777
2025-01-26,16.275555555555556
2025-01-27,15.746213183730715
2025-01-28,16.05923611111111
2025-01-29,15.998472222222222
2025-01-30,15.26336842105263
2025-01-31,15.219375
2025-02-01,16.43162692847125
2025-02-02,15.992777777777778
2025-02-03,16.23173611111111
2025-02-04,16.73578947368421
2025-02-05,17.007638888888888
2025-02-06,15.835555555555555
2025-02-07,16.715138888888887
2025-02-08,16.143402777777776
2025-02-09,16.570138888888888
2025-02-10,17.072222222222223
2025-02-11,17.20014035087719
2025-02-12,15.936458333333333
2025-02-13,15.929027777777778
2025-02-14,15.009263157894736
2025-02-15,14.140069444444444
2025-02-16,13.687859649122807
2025-02-17,14.644722222222223
2025-02-18,14.799236111111112
2025-02-19,16.416527777777777
2025-02-20,14.9225
2025-02-21,14.384375
2025-02-22,15.683929824561403
2025-02-23,15.77361111111111
2025-02-24,16.582736842105263
2025-02-25,16.07780821917808
2025-02-26,16.347401129943503
2025-02-27,16.27076388888889
2025-02-28,17.322192513368982
2025-03-01,19.15
2025-03-03,19.913333333333334
2025-03-04,19.639928057553956
2025-03-05,19.822790697674417
2025-03-07,18.650000000000002
2025-03-08,NA
2025-03-09,NA
2025-03-10,NA
2025-03-11,17.545009074410164
2025-03-12,15.747013888888889
2025-03-13,15.685902777777777
2025-03-14,16.555625
2025-03-15,17.26076388888889
2025-03-16,14.757430555555555
2025-03-17,15.373473684210527
2025-03-18,14.899166666666666
2025-03-19,16.07761403508772
2025-03-20,16.972569444444446
2025-03-21,15.907859649122807
2025-03-22,15.505684210526315
2025-03-23,14.65986111111111
2025-03-24,16.485347222222224
2025-03-25,14.300347222222221
2025-03-26,14.39046283309958
2025-03-27,16.45076388888889
2025-03-28,13.635355805243446
2025-03-29,15.339417475728155
2025-03-30,13.852916666666667
2025-03-31,15.517192982456141
2025-04-01,12.425329632199862
2025-04-02,11.84986111111111
2025-04-03,12.491666666666667
2025-04-04,13.476527777777777
2025-04-05,14.369930555555555
2025-04-06,15.269375
2025-04-07,12.586526315789474
2025-04-08,14.188819444444444
2025-04-09,14.366105263157895
2025-04-10,13.851458333333333
2025-04-11,14.762175438596492
2025-04-12,11.984722222222222
2025-04-13,11.740833333333333
2025-04-14,11.824631578947368
2025-04-15,11.424652777777778
2025-04-16,12.549097222222223
2025-04-17,11.978680555555556
2025-04-18,11.278680555555555
2025-04-19,11.278245614035088
2025-04-20,13.300350877192983
2025-04-21,11.989444444444445
2025-04-22,11.317052631578948
2025-04-23,13.572777777777778
2025-04-24,15.592361111111112
2025-04-25,13.534245614035088
2025-04-26,11.999652777777778
2025-04-27,11.614791666666667
2025-04-28,11.419375
2025-04-29,13.544140350877193
2025-04-30,13.656
2025-05-01,16.33384879725086
2025-05-02,10.70513888888889
2025-05-03,10.325972222222223
2025-05-04,10.358736842105262
2025-05-05,12.537708333333333
2025-05-06,11.526805555555555
2025-05-07,11.724375
2025-05-08,13.273333333333333
2025-05-09,13.21513888888889
2025-05-10,12.196631578947368
2025-05-11,13.518105263157894
2025-05-12,14.213125
2025-05-13,12.919719298245614
2025-05-14,13.377544247787611
2025-05-15,12.056180555555555
2025-05-16,12.266715758468337
2025-05-18,14.059447004608295
2025-05-19,14.785902777777778
2025-05-20,13.186527777777778
2025-05-21,13.368402777777778
2025-05-22,11.670763888888889
2025-05-23,11.691666666666666
2025-05-24,11.177786438035854
2025-05-25,10.695763888888889
2025-05-26,13.439305555555556
2025-05-27,13.351494252873563
2025-05-28,9.539375
2025-05-29,8.812430555555556
2025-05-30,9.897777777777778
2025-05-31,9.619722222222222
2025-06-01,9.145801526717557
2025-06-02,8.693472222222223
2025-06-03,11.215208333333333
2025-06-04,11.744510035419127
2025-06-05,8.44
2025-06-07,14.50806697108067
2025-06-08,8.630277777777778
2025-06-09,8.236319444444444
2025-06-10,7.939861111111111
2025-06-11,12.821180555555555
2025-06-12,12.726635514018692
2025-06-13,11.537185185185185
2025-06-14,7.704513888888889
2025-06-15,13.287291666666667
2025-06-16,12.576597222222222
2025-06-17,9.608194444444445
2025-06-18,9.1575
2025-06-19,8.24
2025-06-20,7.880138888888889
2025-06-21,8.54138888888889
2025-06-22,11.828541666666666
2025-06-23,11.412569444444445
2025-06-24,8.741527777777778
2025-06-25,8.161875
2025-06-26,8.734791666666666
2025-06-27,7.4972916666666665
2025-06-28,8.894305555555556
2025-06-29,7.805138888888889
2025-06-30,5.791527777777778
2025-07-01,7.997779319916725
2025-07-02,9.207986111111111
2025-07-03,8.702013888888889
2025-07-04,9.076527777777777
2025-07-05,13.236096256684492
2025-07-06,14.651278195488722
2025-07-07,8.850069444444445
2025-07-08,10.47861111111111
2025-07-09,11.417833333333332
2025-07-10,11.225771604938272
2025-07-11,6.487847222222222
2025-07-12,7.862638888888889
2025-07-13,11.393263888888889
2025-07-14,12.515796519410978
2025-07-15,9.027986111111112
2025-07-16,12.094375
2025-07-17,8.57375
2025-07-18,9.503680555555556
2025-07-19,10.240347222222223
2025-07-20,8.799097222222223
2025-07-21,11.327298050139277
2025-07-22,9.224097222222222
2025-07-23,12.279791666666666
2025-07-24,12.070500373412994
2025-07-25,10.551944444444445
2025-07-26,10.701180555555556
2025-07-27,13.40625814863103
2025-07-28,11.450555555555555
2025-07-29,12.148958333333333
2025-07-30,13.313680555555555
2025-07-31,13.594722222222222
2025-08-01,13.803724394785847
2025-08-02,13.65625
2025-08-03,9.201041666666667
2025-08-04,9.298819444444444
2025-08-05,10.346875
2025-08-06,11.071111111111112
2025-08-07,11.423466476462197
2025-08-08,11.305625
2025-08-09,11.962361111111111
2025-08-10,9.769305555555556
2025-08-11,11.250069444444444
2025-08-12,12.670763888888889
2025-08-13,12.120138888888889
2025-08-14,13.090694444444445
2025-08-15,13.887569444444445
2025-08-16,11.868541666666667
2025-08-17,13.115625
2025-08-18,10.926527777777778
2025-08-19,13.038263888888888
2025-08-20,11.946944444444444
2025-08-21,12.984583333333333
2025-08-22,9.772986111111111
2025-08-23,7.401597222222223
2025-08-24,10.717083333333333
2025-08-25,11.778402777777778
2025-08-26,10.640902777777777
2025-08-27,13.365208333333333
2025-08-28,12.979444444444445
2025-08-29,12.911111111111111
2025-08-30,11.305208333333333
2025-08-31,12.8625
2025-09-01,11.00117973629424
2025-09-02,13.123402777777779
2025-09-03,11.717986111111111
2025-09-04,9.279097222222223
2025-09-05,9.871875
2025-09-06,11.184652777777778
2025-09-07,12.277246376811593
2025-09-08,12.128680555555556
2025-09-09,9.743125
2025-09-10,13.214444444444444
2025-09-11,11.713055555555556
2025-09-12,10.186597222222222
2025-09-13,12.688194444444445
2025-09-14,10.85326388888889
2025-09-15,10.8175
2025-09-16,10.947430555555556
2025-09-17,14.196527777777778
2025-09-18,10.480277777777777
2025-09-19,10.520555555555555
2025-09-20,13.183680555555556
2025-09-21,13.942291666666666
2025-09-22,12.705833333333333
2025-09-23,12.517083333333334
2025-09-24,11.770972222222222
2025-09-25,13.082222222222223
2025-09-26,12.887152777777779
2025-09-27,11.829097222222222
2025-09-28,12.020625
2025-09-29,13.051111111111112
2025-09-30,12.787986111111111
2025-10-01,12.092297015961138
2025-10-02,11.753680555555556
2025-10-03,12.091388888888888
2025-10-04,14.141666666666667
2025-10-05,13.241736111111111
2025-10-06,12.818680555555556
2025-10-07,12.365
2025-10-08,11.086458333333333
2025-10-09,12.344375
2025-10-10,13.071140472878998
2025-10-11,13.369722222222222
2025-10-12,11.376319444444444
2025-10-13,10.894652777777777
2025-10-14,12.817083333333333
2025-10-15,14.141205673758865
2025-10-16,12.728775510204082
2025-10-17,12.416597222222222
2025-10-18,12.124513888888888
2025-10-19,13.423263888888888
2025-10-20,12.994861111111112
2025-10-21,13.03125
2025-10-22,12.653819444444444
2025-10-23,12.185972222222222
2025-10-24,12.867638888888889
2025-10-25,12.058958333333333
2025-10-26,12.702083333333333
2025-10-27,12.769722222222223
2025-10-28,13.311527777777778
2025-10-29,13.65125
2025-10-30,12.080208333333333
2025-10-31,12.819444444444445
2025-11-01,13.004302567661346
2025-11-02,13.751319444444444
2025-11-03,14.934166666666666
2025-11-04,14.683125
2025-11-05,13.286944444444444
2025-11-06,15.28
2025-11-07,13.979861111111111
2025-11-08,12.816319444444444
2025-11-09,15.414375
2025-11-10,12.715416666666666
2025-11-11,13.248055555555556
2025-11-12,13.794305555555555
2025-11-13,13.673472222222221
2025-11-14,14.135486111111112
2025-11-15,14.834305555555556
2025-11-16,14.777430555555556
2025-11-17,15.144930555555556
2025-11-18,15.313263888888889
2025-11-19,15.444444444444445
2025-11-20,15.61125
2025-11-21,14.631388888888889
2025-11-22,15.27326388888889
2025-11-23,15.45326388888889
2025-11-24,15.844444444444445
2025-11-25,16.163402777777776
2025-11-26,16.68138888888889
2025-11-27,14.526527777777778
2025-11-28,16.846458333333334
2025-11-29,14.138761904761905
2025-12-01,17.31012319228709
2025-12-02,17.778260869565216
2025-12-03,17.473913043478262
2025-12-04,17.12608695652174
2025-12-05,17.282608695652172
